{
  "width": 15,
  "height": 15,
  "block": "<path d=\"M37.2776067,19.6009263 C32.8420569,20.9408419 29.2632384,24.907523 28.4224959,29.4207836 C26.9182196,37.4974239 33.7507517,43.5243912 41.6905058,41.1244828 C46.1260556,39.7845671 49.7022093,35.8165594 50.5429518,31.3046254 C52.0472281,23.2293118 45.2160284,17.2023445 37.2776067,19.6009263 L37.2776067,19.6009263 Z M65.5697258,25.7552519 L65.5697258,29.0533018 C65.5697258,30.7474328 64.4944814,32.3805379 62.8862781,33.1221348 L61.9096311,33.5718689 C60.8370514,34.0680357 59.9616666,34.9728105 59.5392967,36.0726026 C59.4580205,36.2808866 59.3754119,36.4878438 59.2901385,36.6934745 C58.8291291,37.7945933 58.8677686,38.9885776 59.3674175,39.9636647 L59.8191001,40.8445598 C60.5585805,42.2879541 60.2467995,44.1492429 59.0423126,45.483852 L56.6999586,48.0814311 C55.496804,49.4173669 53.6620933,49.9347601 52.1285043,49.3722608 L51.0625867,48.9822259 C50.0406381,48.6081109 48.8574695,48.7009763 47.8128702,49.2568423 C47.6743009,49.3311347 47.5330669,49.4041004 47.3931652,49.4757394 C46.3219179,50.018339 45.4944994,50.9814863 45.1147662,52.1064848 L44.7230415,53.2673028 C44.1607699,54.9322476 42.6431697,56.1766445 40.9416986,56.3690087 L37.6293595,56.745777 C35.9252237,56.9381412 34.4102883,56.038673 33.8480167,54.5010866 L33.3896721,53.2474031 C33.0166009,52.2285365 32.2105007,51.4670399 31.1685662,51.152624 C31.1086084,51.1340509 31.0486505,51.1154778 30.990025,51.0969048 C29.9321018,50.7665691 28.7329444,50.9270937 27.6963395,51.5426589 L26.4425539,52.2869091 C24.9076325,53.1969904 23.0742541,53.0961651 21.8710996,52.0335191 L19.5287456,49.9679263 C18.3229262,48.9052803 18.0124777,47.1143039 18.7519581,45.5024251 L19.4248186,44.0378044 C19.9138083,42.9711785 19.9417887,41.7997472 19.5114244,40.8113936 C19.5060948,40.8007804 19.5020976,40.7914938 19.496768,40.7808806 C19.0664038,39.7858937 18.2123373,39.0695032 17.1424224,38.8187665 L15.6847801,38.4778176 C14.0765768,38.0997226 13,36.7120476 13,35.0165899 L13,31.71854 C13,30.0230823 14.0765768,28.3899772 15.6847801,27.6483803 L17.1424224,26.9757691 C18.2123373,26.4822556 19.0664038,25.5721743 19.496768,24.4790153 C19.5020976,24.4670755 19.5060948,24.4564623 19.5114244,24.4445225 C19.9417887,23.3593234 19.9138083,22.1958521 19.4248186,21.2406647 L18.7519581,19.927282 C18.0124777,18.4838876 18.3229262,16.6225988 19.5287456,15.2866631 L21.8710996,12.689084 C23.0742541,11.3531482 24.9076325,10.835755 26.4412215,11.3982543 L27.6963395,11.8572749 C28.7329444,12.2380232 29.9321018,12.1265847 30.9913574,11.5561256 C31.0499829,11.524286 31.1086084,11.4924464 31.1685662,11.4606068 C32.2105007,10.9100474 33.0166009,9.96414653 33.3896721,8.8603744 L33.8480167,7.50321227 C34.4102883,5.83826754 35.9252237,4.59519724 37.6293595,4.40150646 L40.9416986,4.02606474 C42.6431697,3.83237396 44.1607699,4.73184211 44.7230415,6.26942852 L45.1147662,7.34136107 C45.4944994,8.38012739 46.3219179,9.15621717 47.3931652,9.45603988 C47.5330669,9.49583936 47.6743009,9.53696549 47.8142026,9.57941826 C48.8588019,9.89781407 50.0406381,9.72269637 51.0625867,9.11774434 L52.1285043,8.48360603 C53.6634257,7.57352468 55.496804,7.67567667 56.6999586,8.73832267 L59.0423126,10.8039155 C60.2467995,11.8665615 60.5585805,13.6575379 59.8191001,15.26809 L59.3674175,16.2524637 C58.8677686,17.3389894 58.8291291,18.5422602 59.2901385,19.5385738 C59.3754119,19.7243046 59.4580205,19.9126888 59.5392967,20.1023997 C59.9616666,21.1066731 60.8370514,21.8124505 61.9096311,22.0645138 L62.8862781,22.2940241 C64.4944814,22.6707925 65.5697258,24.0584676 65.5697258,25.7552519 L65.5697258,25.7552519 Z M29.7668845,68.6524535 L19.969769,69.7641856 L19.969769,91.0781315 L29.7668845,89.9663995 L29.7668845,68.6524535 Z M33.6508219,64.3196173 C34.1464736,64.7600648 34.4302742,65.3902232 34.4302742,66.0508945 L34.4302742,92.0386255 C34.4302742,93.2193433 33.540233,94.2116769 32.3637264,94.3456685 L17.9018888,95.9854069 C17.8139506,95.9946934 17.72468,96 17.6380741,96 C17.0678082,96 16.5148634,95.7930427 16.0858316,95.4109678 C15.5901799,94.9705202 15.3063793,94.3403619 15.3063793,93.6783639 L15.3063793,67.6919595 C15.3063793,66.5112417 16.1964205,65.5175815 17.3742595,65.3849166 L31.8347648,63.7438515 C32.5009633,63.6708858 33.1551702,63.8791697 33.6508219,64.3196173 L33.6508219,64.3196173 Z M86.2205477,22.3046373 C85.7262284,21.8641898 85.0720215,21.6559059 84.4044905,21.7288716 L75.8158591,22.7039587 C74.536758,22.8485635 73.6160716,23.9987683 73.7639677,25.2736782 C73.9078665,26.5472614 75.053728,27.4653027 76.3434884,27.316718 L82.3366103,26.6374736 L82.3366103,84.0017847 L72.5394948,85.1135167 L72.5394948,43.9542255 C72.5394948,42.6726824 71.4962279,41.6325894 70.2077999,41.6325894 C68.919372,41.6325894 67.8761051,42.6726824 67.8761051,43.9542255 L67.8761051,87.7150758 C67.8761051,88.3770737 68.1599057,89.0072321 68.6555574,89.4476796 C69.0845892,89.8297546 69.637534,90.0367119 70.2077999,90.0367119 C70.2944057,90.0367119 70.3836763,90.0314053 70.4716145,90.0221187 L84.9334522,88.3810537 C86.1099588,88.2483888 87,87.2547285 87,86.0740107 L87,24.0359145 C87,23.3752432 86.7161994,22.7450849 86.2205477,22.3046373 L86.2205477,22.3046373 Z M60.7158033,57.6598383 L60.7158033,89.0563181 C60.7158033,90.2370359 59.8257621,91.2293695 58.6479231,91.3633611 L44.1874179,93.0044261 C44.0981472,93.0137127 44.010209,93.0190193 43.9222708,93.0190193 C43.3533373,93.0190193 42.8003925,92.8107353 42.3700283,92.4286604 C41.8743766,91.9882128 41.590576,91.3580545 41.590576,90.6973832 L41.590576,64.7096521 C41.590576,63.428109 42.6351753,62.388016 43.9222708,62.388016 C45.2106988,62.388016 46.2539657,63.428109 46.2539657,64.7096521 L46.2539657,88.0958241 L56.0524136,86.9840921 L56.0524136,57.6598383 C56.0524136,56.3782952 57.0956805,55.3382022 58.3841085,55.3382022 C59.6725364,55.3382022 60.7158033,56.3782952 60.7158033,57.6598383 L60.7158033,57.6598383 Z\" fill=\"currentColor\" fill-rule=\"evenodd\"/>"
}