{
  "width": 15,
  "height": 15,
  "block": "<path d=\"M26.1986824,87.2508594 L39.3713037,72.5029011 C42.0947791,73.6533392 45.0301676,74.2397339 48.0191884,74.2397339 C52.8029298,74.2397339 57.6926277,72.7540253 62.015916,69.9285495 L74.8418893,81.3514131 C60.340233,93.5052979 40.6964144,95.8745429 26.1986824,87.2508594 M16.5291674,29.418668 L29.3577569,40.8441611 C27.3053396,44.9265727 26.292866,49.4244567 26.5453303,53.8552866 C26.7454705,57.3841731 27.7343981,60.6934903 29.3799947,63.5978533 L16.200833,78.3537003 C11.7336531,72.5094751 9.09128018,65.2926129 8.64521624,57.4564864 C8.09450388,47.7875477 10.9278601,37.8858919 16.5291674,29.418668 M55.5434105,7.58664097 C62.350791,7.58664097 68.992042,9.28008576 74.8052623,12.7379738 L61.6391816,27.4806729 C54.5505586,24.4829601 45.991625,25.4532724 38.9670991,30.0510802 L26.1607474,18.6466236 C34.8465671,11.3666517 45.3755074,7.58664097 55.5434105,7.58664097 M84.470853,70.5767392 L71.6422635,59.1525608 C73.695989,55.0701492 74.7071544,50.5722652 74.4559982,46.1414353 C74.2532419,42.6125488 73.2656223,39.3032316 71.6213338,36.3975538 L84.7991875,21.6430216 C89.2663674,27.4872468 91.9087403,34.704109 92.3548042,42.5402355 C92.9042085,52.2091742 90.0721603,62.11083 84.470853,70.5767392 M39.8749242,67.6723762 C39.872308,67.6710614 39.8696918,67.667117 39.8657675,67.6658022 C38.692397,67.0425935 37.6171343,66.301054 36.6713741,65.458276 C36.2161535,65.0533218 35.7818625,64.6115536 35.3671931,64.1421749 C35.3057121,64.073806 35.2533879,64.000178 35.1932151,63.9318091 C34.845259,63.5255401 34.510384,63.0995493 34.1964387,62.6512072 C32.387329,60.0689668 31.3081421,56.9594972 31.1171587,53.5923294 C30.8816997,49.4639003 31.9818163,45.2394918 34.187282,41.5186465 C34.1885901,41.5147022 34.1925144,41.5120726 34.1938225,41.509443 C34.9773777,40.1933419 35.8734299,38.9679611 36.855817,37.8674849 L36.855817,37.8661701 C37.3712105,37.2902937 37.911458,36.7538609 38.4660947,36.242409 C38.9030019,35.8400844 39.3686874,35.4627407 39.8422216,35.091971 C43.7848512,31.9811865 48.4574037,30.3455923 52.9729835,30.3455923 C55.8782855,30.3455923 58.7103337,31.0279664 61.2349771,32.3913998 C61.730749,32.6583015 62.2042832,32.9488692 62.6621201,33.257844 C62.7340658,33.3064911 62.8086279,33.3498791 62.8805737,33.4011557 C63.3907348,33.756148 63.8760419,34.1348065 64.3286463,34.5384459 C64.783867,34.9420853 65.218158,35.3838535 65.6328274,35.8532322 C65.6943083,35.9216011 65.7479407,35.9952292 65.8068054,36.0649128 C66.1547614,36.4711818 66.4896364,36.8958578 66.8035817,37.3441999 C68.6126915,39.9277551 69.6918784,43.03591 69.8841699,46.4043925 C70.1183208,50.5341364 69.0182041,54.7598596 66.8114303,58.4793902 C66.8114303,58.4820197 66.8088141,58.4833345 66.807506,58.4859641 C66.0357238,59.7810286 65.1553689,60.9827433 64.1952196,62.0661273 C64.1769061,62.0858491 64.1612088,62.1082004 64.1442035,62.129237 C64.1442035,62.129237 64.1442035,62.1305518 64.1428953,62.1305518 C63.1618163,63.2283984 62.0473105,64.2526169 60.8360049,65.1729674 C54.4380615,70.036362 46.2048462,71.0211369 39.8749242,67.6723762 M85.3472837,77.1440969 C85.810353,76.5655909 86.269498,75.980511 86.7129457,75.3822832 C86.7207943,75.3717649 86.7247186,75.3599318 86.7312592,75.3494135 C93.9009848,65.6002729 97.5806852,53.8013804 96.9253244,42.2772782 C96.3706877,32.495268 92.7406953,23.5560357 86.6122216,16.6323709 C86.5991405,16.6165935 86.5952162,16.5955569 86.580827,16.5810942 C86.5219623,16.5153549 86.4591732,16.45356 86.4003085,16.3891354 C86.0575849,16.0078474 85.7017802,15.6357629 85.3446674,15.2663079 C85.1876948,15.105904 85.0359546,14.9389261 84.8763657,14.7811518 C84.4106802,14.3170322 83.9306055,13.8660605 83.4413741,13.4242923 C83.3864337,13.3756452 83.3354176,13.3217389 83.2817853,13.2744066 C83.1287369,13.1363541 82.9612994,13.0088198 82.8043268,12.8747116 C82.3778844,12.5052566 81.950134,12.1371165 81.5119187,11.7900129 C81.4229675,11.7190144 81.3287839,11.6545899 81.2372165,11.5849062 C80.7165906,11.1786372 80.1894241,10.7815717 79.6531009,10.4055429 C79.6400199,10.3963394 79.6269388,10.3858211 79.6138577,10.3766176 C79.6033929,10.3687288 79.5903119,10.3634697 79.5811551,10.3568958 C62.5574716,-1.53008743 38.0867442,1.21913079 21.1572443,16.9295126 C21.1520118,16.9347718 21.1454713,16.9387161 21.1389308,16.9439753 C21.1284659,16.9531788 21.1193092,16.9636971 21.1088444,16.9729006 C20.533278,17.5093334 19.9668684,18.0628584 19.4083074,18.6295313 C19.3651399,18.6716045 19.3206643,18.7123629 19.280113,18.754436 C18.9530867,19.0883918 18.6365252,19.4394397 18.3160394,19.7839137 C18.0557264,20.0626484 17.7849486,20.336124 17.5351004,20.6174883 C16.9647665,21.2564744 16.4035893,21.9164972 15.854185,22.5936121 C15.7626176,22.7066837 15.6788989,22.8223849 15.5899477,22.9354566 C15.1491162,23.4876668 14.7095928,24.0438214 14.2883829,24.6144387 C14.2805342,24.6236422 14.2766099,24.6341605 14.2700694,24.6446788 C7.09772757,34.3938194 3.41933523,46.1940267 4.07469603,57.7194437 C4.63064082,67.5027687 8.26063326,76.442001 14.3904151,83.3656658 C14.402188,83.3814432 14.4048043,83.3998502 14.4191934,83.4156277 C14.475442,83.4787374 14.5356148,83.536588 14.5918633,83.5996977 C14.9463599,83.9928189 15.3126294,84.3767365 15.6841313,84.7580245 C15.829331,84.9079101 15.9719145,85.0630549 16.1197304,85.210311 C16.5880321,85.6770601 17.070723,86.1319762 17.5651869,86.5776888 C17.6175111,86.6237063 17.6672191,86.6762978 17.7195433,86.7223153 C17.7574784,86.7564997 17.7980296,86.7867398 17.8359647,86.8209242 C18.3422015,87.2679516 18.857595,87.6978867 19.379529,88.1159888 C19.5338855,88.2382639 19.6947824,88.3565947 19.8517551,88.4788698 C20.2781974,88.8075664 20.7059479,89.1283743 21.141547,89.4386638 C21.2239576,89.4965144 21.3011359,89.560939 21.3835465,89.6187896 C21.4031681,89.6319374 21.4254059,89.6358818 21.4437193,89.6490296 C28.5205695,94.5834227 36.8754386,97 45.4487613,97 C57.472866,97 69.9064077,92.2523066 79.7865277,83.1092824 C79.8087655,83.0882459 79.8362357,83.0737832 79.8584735,83.0527466 C80.1606458,82.7726971 80.4497371,82.478185 80.7440608,82.1915616 C81.0344602,81.9101973 81.3287839,81.635407 81.6126428,81.346154 C82.2444577,80.705853 82.8592672,80.053719 83.451839,79.3936963 C83.4557633,79.3884371 83.4609957,79.383178 83.4662281,79.3766041 C84.0378702,78.7376179 84.5990474,78.0762804 85.1484516,77.3978506 C85.2164731,77.3150191 85.2792622,77.2282432 85.3472837,77.1440969\" fill=\"currentColor\" fill-rule=\"evenodd\"/>"
}