{
  "width": 15,
  "height": 15,
  "block": "<title>share / iOS</title>\n    <g id=\"share-/-iOS\" stroke=\"none\" stroke-width=\"1\" fill=\"none\" fill-rule=\"evenodd\">\n        <path d=\"M0,100 L100,100 L100,0 L0,0 L0,100 Z M1.34215577,98.6578442 L98.6578442,98.6578442 L98.6578442,1.34215577 L1.34215577,1.34215577 L1.34215577,98.6578442 Z\" id=\"outline\" fill=\"#FFFFFF\" opacity=\"0\"></path>\n        <path d=\"M79.3802113,37.7633661 C80.0580211,37.6881979 80.7129683,37.8989375 81.2132565,38.344578 C81.7135447,38.7902185 82,39.4278065 82,40.0976095 L82,40.0976095 L82,89.0227603 C82,90.217399 81.101633,91.2214324 79.9127762,91.3570037 L79.9127762,91.3570037 L21.6197887,97.9852348 C21.5310279,97.9946308 21.4422671,98 21.3535062,98 C20.7779059,98 20.2197887,97.7906027 19.7867435,97.404023 C19.2864553,96.9583825 19,96.3207944 19,95.6509914 L19,95.6509914 L19,46.7258406 C19,45.5312019 19.898367,44.5271686 21.0872238,44.3915972 L21.0872238,44.3915972 L32.189049,43.129844 C33.4908742,42.9875612 34.6461095,43.9083726 34.7926993,45.1969716 C34.9419789,46.4869129 34.0126801,47.6506788 32.7216138,47.7969885 L32.7216138,47.7969885 L23.7070125,48.8224985 L23.7070125,93.0187595 L77.2929875,86.9261024 L77.2929875,42.7298414 L68.7100865,43.7056867 C67.4257445,43.8533387 66.2543708,42.9271581 66.1064361,41.6372169 C65.9571566,40.3486179 66.8864553,39.1835096 68.1775216,39.0371999 L68.1775216,39.0371999 Z M47.4966571,5.33577241 C48.9786936,3.68878181 51.5177906,3.54649901 53.174659,5.01093808 L53.174659,5.01093808 L70.5529491,20.3801657 C72.2205764,21.8553431 72.3738905,24.4003261 70.8972334,26.0647665 C69.4192315,27.7305491 66.8680307,27.882228 65.2017483,26.4083929 L65.2017483,26.4083929 L54.5343132,16.9734321 L54.5343132,67.4610092 C54.5343132,69.6851847 52.7281652,71.487881 50.499731,71.487881 C48.2712968,71.487881 46.4651489,69.6851847 46.4651489,67.4610092 L46.4651489,67.4610092 L46.4651489,18.5398852 L36.1245149,30.0366044 C35.3283573,30.9225162 34.2269164,31.3735259 33.1214409,31.3735259 C32.1612104,31.3735259 31.1982901,31.0339263 30.4276849,30.3426467 C28.7694717,28.8567309 28.6322959,26.3117479 30.1210567,24.6567036 L30.1210567,24.6567036 Z\" id=\"icon\" fill=\"#000000\"></path>\n    </g>"
}