{
  "width": 15,
  "height": 15,
  "block": "<path d=\"M84.8187775,52.52489 C83.9804717,43.629868 79.9942152,35.5755955 72.2733264,27.176159 C71.6575094,26.50732 70.7172296,26.2588557 69.8577344,26.5449254 C68.9995636,26.8296521 68.3837466,27.5938477 68.2764752,28.5017496 C67.4355208,35.7058713 63.6995641,40.371628 60.6549117,43.0456411 C63.0956661,19.8726516 46.1878466,7.8523516 38.3610108,3.58413782 C38.1848739,3.4874382 38.0484671,3.41894263 38.0749539,3.43774534 C37.2816756,2.86157677 36.2195567,2.85486151 35.4156837,3.41357043 C34.6131351,3.9736224 34.2409962,4.98359621 34.4846743,5.93984801 C39.1926949,24.3530673 32.0439199,34.280895 25.1335258,43.8796753 C18.4178093,53.2058165 11.4756311,62.8502605 17.0113627,78.9628347 C20.4427217,88.9524427 27.9053646,95.1788238 38.5954186,96.9677668 C38.7212307,96.9892556 38.8483671,97 38.9741792,97 C39.9144589,97 40.7779271,96.4184592 41.1302009,95.5065281 C41.5288266,94.4737224 41.161985,93.2985534 40.2495164,92.6874656 C37.1863233,90.6379708 34.7296768,86.8707148 32.7378729,81.1708094 C30.1011165,73.6295821 30.6030405,60.5845347 40.6944938,48.6407886 C40.856063,48.4500754 41.0507407,48.3950104 41.2732294,48.4782795 C41.5950435,48.599154 41.5950435,48.8704502 41.5950435,48.9590915 C41.6082869,58.1858469 44.3536389,64.1879386 49.5370967,66.3126442 C54.2888204,68.258724 59.8801742,65.3765381 65.2887694,58.1965913 C65.4860957,57.9346965 65.7642066,57.8970911 65.8741266,57.894405 C65.9959657,57.893062 66.2184544,57.9226091 66.3734019,58.1012348 C70.8615824,63.3230142 70.6827968,70.1524249 70.1755755,73.7585149 C69.228674,80.5167439 65.9588842,85.8580549 63.2188295,87.6429687 C62.150089,88.3400118 61.8348966,89.7797617 62.5103088,90.8716616 C63.1883698,91.9608754 64.6027624,92.297981 65.6887193,91.6210836 C78.7758245,83.4432505 86.283495,68.097558 84.8187775,52.52489\" fill=\"currentColor\" fill-rule=\"evenodd\"/>"
}