{
  "width": 15,
  "height": 15,
  "block": "<path d=\"M60.7960477,60.8648453 C61.2415999,62.7931673 59.8437629,64.6736138 57.878013,64.8970332 L31.9455424,67.8520205 C29.5728105,68.1219856 27.6735609,65.9010905 28.3159541,63.6030626 C30.3362343,56.3778393 36.7867668,50.529039 44.4316453,49.6566395 C52.4249855,48.7470034 59.1109292,53.574458 60.7960477,60.8648453 M44.4316453,49.6566395 C37.2682292,50.4731841 31.46009,45.3278889 31.46009,38.16384 C31.46009,30.999791 37.2682292,24.5312679 44.4316453,23.7147233 C51.5977214,22.8981786 57.4045306,28.0434738 57.4045306,35.2088526 C57.4045306,42.3715717 51.5977214,48.8400948 44.4316453,49.6566395 M19.7680011,73.3138265 C13.7656809,67.9956473 10.1932829,60.4166766 9.71049045,51.9719558 C9.1452376,42.076339 12.8798964,31.8788399 19.958192,23.9966572 C27.8344917,15.2234568 38.5330656,10.6433594 48.7781072,10.6433594 C56.292645,10.6433594 63.5651216,13.107622 69.3014405,18.1890831 L69.3014405,18.1890831 C75.3037607,23.5072624 78.8761587,31.0875629 79.3589511,39.5309538 C79.924204,49.4265707 76.1895452,59.6240697 69.1112495,67.5075823 C55.4574008,82.7160589 33.3234293,85.3226184 19.7680011,73.3138265 M93.0620101,82.9421381 L75.3250408,67.2442666 C81.4297716,59.0030171 84.5632674,49.0182984 84.0059945,39.2649784 C83.4513818,29.5741626 79.325701,20.8528273 72.387056,14.7048046 L72.387056,14.7061345 C56.9270582,1.00440885 31.8524419,3.77986274 16.4935246,20.8874042 C8.59328482,29.6858723 4.42770385,41.1121779 5.06344705,52.2379313 C5.61805984,61.9287471 9.74374062,70.6514122 16.6823856,76.798105 C23.2951789,82.6575443 31.664911,85.5034817 40.2820244,85.5021519 C49.6785217,85.5021519 59.3649605,82.1162843 67.3862309,75.5679685 L85.4424018,91.5491039 C86.5396573,92.5199143 87.8989242,93 89.252871,93 C90.7704086,93 92.2812962,92.3975656 93.4118019,91.2099852 C94.4997474,90.0689505 95.0623402,88.5741684 94.9945099,87.0009236 C94.9280095,85.4263489 94.2403961,83.9847619 93.0620101,82.9421381\" fill=\"currentColor\" fill-rule=\"evenodd\"/>"
}