{
  "width": 15,
  "height": 15,
  "block": "<path d=\"M95,5 L95,90.5 L59.2647059,95 L59.2647059,9.5 L95,5 Z M88.3823529,12.5017647 L65.8823529,15.3354412 L65.8823529,87.4969118 L88.3823529,84.6632353 L88.3823529,12.5017647 Z M27.5,40.7352941 C39.9264069,40.7352941 50,50.8088872 50,63.2352941 C50,75.661701 39.9264069,85.7352941 27.5,85.7352941 C15.0735931,85.7352941 5,75.661701 5,63.2352941 C5,50.8088872 15.0735931,40.7352941 27.5,40.7352941 Z M27.4999128,49.8941176 C25.984114,49.8941176 25.5356094,51.012405 25.5356094,52.3921534 L25.5356094,61.5398606 L16.3740414,62.5224213 C15.0043319,62.6789649 14.0193068,63.3826782 14.1750123,64.7532672 C14.3198935,66.0280981 15.4006734,66.4353779 16.6538119,66.4353779 L25.5356094,65.5011125 L25.5356094,74.0784348 C25.5356094,75.4581832 26.1202115,76.5764706 27.4999128,76.5764706 C28.8804467,76.5764706 29.4642162,75.4581832 29.4642162,74.0784348 L29.4642162,64.9315603 L38.6266168,63.9481669 C39.997159,63.7916233 40.9813515,63.08791 40.8248132,61.717321 C40.6691077,60.3467321 39.4326222,59.891157 38.0604147,60.0518639 L29.4642162,60.9711411 L29.4642162,52.3921534 C29.4642162,51.012405 29.0157116,49.8941176 27.4999128,49.8941176 Z\" fill=\"currentColor\" fill-rule=\"evenodd\"/>"
}