{
  "width": 15,
  "height": 15,
  "block": "<path d=\"M59.7591484,26.0548671 C59.9025396,27.3229122 58.9948342,28.4694362 57.7319397,28.6134121 L35.7049556,31.1336516 C35.6168161,31.1442187 35.5286766,31.1481813 35.4418526,31.1481813 C34.2868304,31.1481813 33.2909855,30.2777212 33.156803,29.0981752 C33.0134118,27.8301302 33.9211172,26.684927 35.1840117,26.5396302 L57.2109958,24.0193907 C58.4712592,23.8701312 59.6157573,24.7868221 59.7591484,26.0548671 L59.7591484,26.0548671 Z M66.4459115,48.4979431 C66.4459115,50.6417318 64.6370783,52.6600367 62.4954198,52.9057205 L52.4409382,54.0548863 L52.4396227,54.0548863 L48.9837646,54.4511503 L33.8684966,56.1801826 L33.8658656,56.1801826 L17.0338504,58.1060259 C16.0932572,58.2130172 15.2144931,57.9594082 14.5764683,57.3874671 C13.9489676,56.8247721 13.6043027,56.0018637 13.6043027,55.0706432 L13.6043027,42.3822677 C13.6043027,30.7836184 23.0076043,20.2707326 34.5683506,18.9472106 L63.0163637,15.6925617 C63.1584393,15.6767112 63.2991995,15.6687859 63.4386441,15.6687859 C64.2213755,15.6687859 64.9330692,15.9263575 65.4737458,16.4111206 C66.1012465,16.9738155 66.4459115,17.7967239 66.4459115,18.7292654 L66.4459115,27.6927586 L66.4459115,39.5344499 L66.4459115,48.4979431 Z M46.9420853,85.1563322 L45.5660565,85.3135169 C43.0928882,85.5988271 40.7788972,84.9080067 39.0621501,83.3678604 C37.3651356,81.8475272 36.43112,79.6588287 36.43112,77.2033123 L36.43112,60.5390873 L44.4110343,59.62768 L46.9420853,59.3370863 L46.9420853,66.5160704 L46.9420853,85.1563322 Z M89.7476297,11.2544041 C88.9793689,10.859461 88.0571928,10.9281467 87.3547078,11.4340439 L71.0502142,23.188557 L71.0502142,18.7292654 C71.0502142,16.461314 70.1596105,14.4126288 68.5402114,12.9609814 C66.9116038,11.5014087 64.7673143,10.8409686 62.4954198,11.0998612 L34.0474067,14.35451 C20.2358141,15.9342828 9,28.5077417 9,42.3822677 L9,55.0706432 C9,57.3385945 9.89060369,59.3859589 11.5100027,60.8362854 C12.9083952,62.0898007 14.6869716,62.7542035 16.5957839,62.7542035 C16.9128231,62.7542035 17.2324932,62.7357112 17.5561099,62.6987265 L31.8268173,61.0661185 L31.8268173,77.2033123 C31.8268173,80.9929177 33.3080872,84.4073931 35.9956845,86.8166786 C38.316253,88.897065 41.2801084,90 44.4702325,90 C45.0043316,90 45.5436927,89.9696198 46.088316,89.9075384 L49.5060241,89.5165578 C50.6676239,89.3831489 51.5463879,88.3951305 51.5463879,87.2195471 L51.5463879,68.5792853 L56.4164247,68.0218738 C57.1202252,67.9413001 57.7464104,67.5410734 58.1173857,66.9361103 C58.4883609,66.3311471 58.5607142,65.5888124 58.3147129,64.9230888 L55.878379,58.314725 L63.0163637,57.498421 C67.5220028,56.9832777 71.0502142,53.0285623 71.0502142,48.4979431 L71.0502142,43.2408398 L87.6849021,51.4263346 C88.0045722,51.5848402 88.3505527,51.6627722 88.6978487,51.6627722 C89.1214445,51.6627722 89.5437248,51.5452138 89.9147001,51.3127389 C90.5895593,50.8900572 91,50.1490434 91,49.3512318 L91,13.3110147 C91,12.4445172 90.5158905,11.6506682 89.7476297,11.2544041 L89.7476297,11.2544041 Z\" fill=\"currentColor\" fill-rule=\"evenodd\"/>"
}