{
  "width": 15,
  "height": 15,
  "block": "<title>WTF / trophy</title>\n    <g id=\"WTF-/-trophy\" stroke=\"none\" stroke-width=\"1\" fill=\"none\" fill-rule=\"evenodd\">\n        <path d=\"M0,100 L100,100 L100,0 L0,0 L0,100 Z M1.34215577,98.6578442 L98.6578442,98.6578442 L98.6578442,1.34215577 L1.34215577,1.34215577 L1.34215577,98.6578442 Z\" id=\"outline\" fill=\"#FFFFFF\" opacity=\"0\"></path>\n        <path d=\"M89.113999,15.1596447 C87.9088647,14.095087 86.2611671,13.5944353 84.5957669,13.7815068 L75.9079065,14.7599309 C76.0359094,14.3077294 76.1203369,13.8420695 76.1203369,13.3575679 C76.1203369,6.55704936 63.0422474,3 50.1248424,3 C37.2074374,3 24.1307096,6.55704936 24.1307096,13.3575679 C24.1307096,13.6092395 24.1838172,13.8474528 24.2192223,14.0910495 C24.1661147,14.2848501 24.1307096,14.4840341 24.1307096,14.6939848 L24.1307096,19.6210971 L15.8636249,20.5524168 C12.5750382,20.9238681 10,23.7649317 10,27.0218592 L10,31.2720151 C10,39.6794639 14.2390767,47.0371593 21.3391557,50.9522015 L26.1024999,53.5779311 C26.1338197,53.595427 26.1678631,53.6008103 26.199183,53.6169604 C29.5136426,61.461849 36.5102298,67.3552729 44.9883832,69.0765994 L44.9883832,75.4074205 C44.9883832,78.6212812 42.8382059,81.4313906 39.7593262,82.2429308 C33.0187449,84.0194367 29.306659,86.8685754 29.306659,90.2695076 C29.306659,91.2075565 29.6076022,92.6099195 31.0415077,93.9544115 C33.7731453,96.5155409 39.8355833,98 47.254308,98 C48.2388413,98 49.247886,97.9744291 50.2746331,97.9205956 C60.2534169,97.4037938 70.9934099,94.1899331 70.9934099,88.357072 C70.9934099,86.4136822 69.720189,82.9198872 61.1943749,81.3344903 C57.7559975,80.6952173 55.2613015,77.7787868 55.2613015,74.4007338 L55.2613015,69.0765994 C65.3817057,67.0215051 73.3859758,59.0191534 75.5388767,48.8526945 L79.9726813,45.4100414 C86.8780324,40.0468777 91,31.9153256 91,23.6559189 L91,19.405763 C91,17.7651867 90.3123245,16.2161274 89.113999,15.1596447 L89.113999,15.1596447 Z M86.2339324,23.6559189 C86.2339324,30.4806624 82.7928316,37.2286933 77.0286132,41.7062957 L76.1203369,42.4115147 L76.1203369,19.4770924 L85.1363751,18.4623307 C85.4659146,18.4273389 85.7423466,18.4973225 85.9397979,18.6736272 C86.1318024,18.8432028 86.2339324,19.0962203 86.2339324,19.405763 L86.2339324,23.6559189 Z M71.3542693,19.5901428 L71.3542693,43.3697512 C71.3542693,55.2333116 61.8303045,64.8856605 50.1248424,64.8856605 C38.4193803,64.8856605 28.8967772,55.2333116 28.8967772,43.3697512 L28.8967772,22.3477645 C28.9771195,22.0624469 29.0070777,21.7596334 28.9716726,21.447399 C28.9580552,21.3289653 28.9267354,21.2172607 28.8967772,21.1042103 L28.8967772,19.5901428 C33.8575728,22.3127727 42.0211657,23.7137899 50.1248424,23.7137899 C58.2298808,23.7137899 66.392112,22.3127727 71.3542693,19.5901428 Z M24.1307096,24.3624837 L24.1307096,43.3697512 C24.1307096,44.699439 24.2600743,45.9968267 24.450717,47.2740267 L23.6609115,46.8379753 C18.0914211,43.7667734 14.7660676,37.9473707 14.7660676,31.2720151 L14.7660676,27.0218592 C14.7660676,26.1672522 15.5313619,25.3314869 16.4028714,25.2332408 L24.1307096,24.3624837 Z M50.1248424,7.71043237 C64.1316342,7.71043237 71.3542693,11.6685414 71.3542693,13.3575679 C71.3542693,15.0465943 64.1316342,19.0033575 50.1248424,19.0033575 C36.1180505,19.0033575 28.8967772,15.0465943 28.8967772,13.3575679 C28.8967772,11.6685414 36.1180505,7.71043237 50.1248424,7.71043237 Z\" id=\"icon\" fill=\"#000000\"></path>\n    </g>"
}