{
  "width": 15,
  "height": 15,
  "block": "<path d=\"M81.8112284,47.487 L81.6812194,47.505 L69.8214015,63.739 L81.8112284,62.006 L81.8112284,47.487 Z M81.8112284,66.383 L62.2808814,69.235 L62.2808814,67.004 L86.4775502,34.218 L87.6416305,34.06 L87.6416305,61.163 L93,60.388 L93,64.75 L87.6416305,65.532 L87.6416305,75.599 L81.8112284,76.469 L81.8112284,66.383 Z M57.7415684,16 L57.7415684,78.062 L45.0556935,79.517 L45.0556935,57.245 L18.6848748,60.272 L18.6848748,82.545 L6,84 L6,21.939 L18.6848748,20.484 L18.6848748,48.862 L45.0556935,45.838 L45.0556935,17.456 L57.7415684,16 Z\" fill=\"currentColor\" fill-rule=\"evenodd\"/>"
}