{
  "width": 15,
  "height": 15,
  "block": "<path d=\"M49.9049158,70.8611448 C47.4012121,71.1466667 45.063165,70.4503704 43.3298316,68.9028956 C41.6167003,67.3729293 40.6725926,65.1682155 40.6725926,62.696835 C40.6725926,57.3177104 45.0523906,52.4422896 50.4382492,51.8294949 C50.8072727,51.7863973 51.1695623,51.7661953 51.5305051,51.7661953 C53.6180471,51.7661953 55.5358923,52.466532 57.0146801,53.7877441 C58.7291582,55.3177104 59.673266,57.5224242 59.673266,59.9938047 C59.673266,65.3729293 55.2907744,70.2470034 49.9049158,70.8611448 L49.9049158,70.8611448 Z M60.1540741,50.2712458 C57.4025589,47.8160269 53.7675421,46.703569 49.9049158,47.1453199 C42.2146801,48.0220875 35.9587879,54.9985185 35.9587879,62.696835 C35.9587879,66.5298316 37.4618182,69.9830303 40.1917845,72.4193939 C42.5473401,74.5230976 45.5560943,75.6382492 48.7978451,75.6382492 C49.3392593,75.6382492 49.8860606,75.6072727 50.4382492,75.5453199 C58.1298316,74.6685522 64.3870707,67.6921212 64.3870707,59.9938047 C64.3870707,56.1608081 62.8840404,52.7076094 60.1540741,50.2712458 L60.1540741,50.2712458 Z M86.4288215,81.5978451 L13.9156902,89.8591246 L13.9156902,29.4537374 L25.9062626,16.0975084 L25.9062626,37.7379125 C25.9062626,38.4086195 26.1931313,39.0483502 26.6941414,39.4954882 C27.1278114,39.883367 27.686734,40.0948148 28.263165,40.0948148 C28.3507071,40.0948148 28.439596,40.0894276 28.5298316,40.08 L74.6254545,34.8274747 C75.8160269,34.6914478 76.7156902,33.6840404 76.7156902,32.4853872 L76.7156902,10.2214141 L86.4288215,9.11569024 L86.4288215,81.5978451 Z M43.4550842,14.0113131 L43.4550842,28.3143434 C43.4550842,29.3352189 42.5527273,30.3345455 41.523771,30.4517172 L36.9742761,30.9702357 C36.5621549,31.0173737 36.2146801,30.9190572 35.9601347,30.6914478 C35.7096296,30.4692256 35.5776431,30.1432997 35.5776431,29.7486869 L35.5776431,14.9096296 L43.4550842,14.0113131 Z M90.3547475,4.71569024 C89.8550842,4.26989899 89.1924579,4.05845118 88.5190572,4.13252525 L74.0948148,5.7756229 L74.0921212,5.7756229 L55.3365657,7.91299663 L45.5466667,9.02814815 L45.5453199,9.02814815 L43.8914478,9.21670034 L24.5688889,11.4187205 C23.9978451,11.483367 23.4672054,11.7567677 23.083367,12.1863973 L9.80525253,26.9769697 C9.41737374,27.4092929 9.20188552,27.9695623 9.20188552,28.5500337 L9.20188552,92.500202 C9.20188552,93.1722559 9.48875421,93.8119865 9.98976431,94.2591246 C10.4247811,94.6470034 10.9837037,94.8571044 11.5587879,94.8571044 C11.6476768,94.8571044 11.7365657,94.8517172 11.8268013,94.8422896 L89.0523906,86.0436364 C90.242963,85.9076094 91.1426263,84.900202 91.1426263,83.7015488 L91.1426263,6.47461279 C91.1426263,5.80255892 90.8557576,5.16282828 90.3547475,4.71569024 L90.3547475,4.71569024 Z\" fill=\"currentColor\" fill-rule=\"evenodd\"/>"
}