{
  "width": 15,
  "height": 15,
  "block": "<path d=\"M38.9486977,78.6904597 L49.8097027,88.3137536 L65.2245825,71.1416403 C65.9588173,70.3250775 67.1573474,70.1212742 68.1210305,70.6490032 C69.0833639,71.1794316 69.5530581,72.3010245 69.2574747,73.3578322 C68.3572273,76.5633474 69.1778426,79.7783103 71.4007922,81.7475089 C74.826321,84.782963 80.4869467,84.0541301 84.0177519,80.1211317 C85.8681853,78.0588045 86.846715,75.4080122 86.6995981,72.8476492 C86.5794752,70.732684 85.6940745,68.8431172 84.208059,67.5258192 C81.978361,65.5512219 78.6581084,65.1044743 75.5389606,66.3637356 C74.51994,66.7753912 73.3511031,66.4312201 72.720795,65.5309765 C72.0891372,64.6307329 72.1620208,63.4146617 72.8962555,62.5967492 L88.2922396,45.4475807 L77.420437,35.814839 C76.8400677,37.9689451 75.7333168,40.0123767 74.1595711,41.7669744 C69.1198057,47.3803376 60.8367203,48.2400905 55.6916786,43.6821854 C53.3553545,41.6104103 51.9665172,38.6842811 51.7816088,35.4423244 C51.5737556,31.792761 52.9288505,28.0568175 55.5013714,25.1927741 C57.067019,23.4476241 58.9754893,22.1262771 61.0499723,21.3097143 L50.1889673,11.6864204 L34.7740875,28.8585337 C34.0398528,29.6764462 32.8399729,29.8762004 31.8776396,29.3498211 C30.9153062,28.8207424 30.4456119,27.6991495 30.7425451,26.6423418 C31.6427924,23.4368266 30.8221772,20.2218637 28.5992276,18.2526651 C25.1709993,15.217211 19.5117233,15.9473936 15.9809182,19.8776926 C14.1304848,21.9413695 13.1533047,24.5921618 13.2990719,27.1525248 C13.4191949,29.2674899 14.3045956,31.1570568 15.790611,32.4743548 C18.0216588,34.4503018 21.3446107,34.8956997 24.4597095,33.6364384 C25.4773804,33.2220833 26.6475669,33.5689538 27.2792247,34.4691974 C27.9095328,35.3694411 27.8366493,36.5855123 27.1024145,37.4034248 L11.7077802,54.5525933 L22.578233,64.1839853 C23.1586024,62.0312288 24.2653532,59.9864476 25.8390989,58.2331995 C30.8788644,52.6211861 39.1632994,51.7600835 44.3069915,56.3179886 C46.6433155,58.388414 48.0321529,61.3131935 48.2184109,64.5564999 C48.4262642,68.2047136 47.0711692,71.9420068 44.4986483,74.8073999 C42.9316511,76.5525498 41.0245304,77.8738969 38.9486977,78.6904597 M49.9986602,94 C49.4412357,94 48.8824615,93.8042949 48.4330126,93.4047865 L32.235309,79.0535265 C31.4970252,78.3989265 31.2432824,77.3529163 31.5996021,76.4324274 C31.9572716,75.5119384 32.8102796,74.9477677 33.8360487,74.9234733 C36.4706556,74.9882584 39.0836673,73.7694878 40.9826898,71.6518233 C42.7210985,69.716367 43.6388919,67.2275376 43.5012229,64.826438 C43.3891981,62.8491413 42.5618343,61.0837461 41.1743467,59.8528282 C37.9661189,57.0130793 32.6658621,57.7014215 29.3550574,61.3887761 C27.4587343,63.5010419 26.5638858,66.1990734 26.9013098,68.7904793 C27.0281813,69.7676553 26.5355422,70.7205368 25.6649881,71.182131 C24.7957838,71.6423755 23.7295238,71.5168543 22.9925897,70.863604 L6.79488614,56.5123441 C6.32519188,56.09394 6.03905629,55.5068246 6.00396419,54.8792184 C5.9675224,54.2516123 6.18347378,53.6348037 6.60457898,53.1664611 L19.3430113,38.9758143 C16.8636195,38.6788824 14.538093,37.6747126 12.6579663,36.0091944 C10.2231144,33.8523889 8.7762401,30.8034378 8.58188386,27.4224629 C8.36458277,23.6149858 9.78041405,19.71438 12.4663094,16.722116 C17.7247256,10.8644588 26.3681798,9.96556491 31.7318724,14.7164758 C33.6200973,16.3900921 34.8928608,18.5833393 35.4705307,21.010083 L48.2413558,6.78434421 C49.1092104,5.81796575 50.5925265,5.73293524 51.5656574,6.59403783 L67.763361,20.9452978 C68.5016448,21.5998977 68.7553877,22.6459079 68.3990679,23.5663969 C68.0467972,24.4774381 67.1708444,25.075351 66.1963638,25.075351 C66.1450753,25.0740013 66.0951366,25.0740013 66.0451978,25.0740013 C63.4443333,25.0740013 60.8880088,26.2630787 59.0159802,28.3483507 C57.2789213,30.283807 56.3611279,32.7712867 56.4974472,35.1723862 C56.6108217,37.1496829 57.4368357,38.9164279 58.8256731,40.145996 C62.0312014,42.985745 67.3341576,42.2974028 70.6449623,38.6113978 C72.5412854,36.4977824 73.4347843,33.7997509 73.0987099,31.208345 C72.9718385,30.2325187 73.4644776,29.2796372 74.3336819,28.8166933 C75.2042359,28.3564488 76.2691462,28.4833197 77.00743,29.13657 L93.2037839,43.4878299 C93.6748279,43.906234 93.9596138,44.4933494 93.9960556,45.1209555 C94.0324973,45.7499113 93.8151963,46.3653702 93.3954408,46.8337129 L80.6556587,61.0243597 C83.1350506,61.3212916 85.460577,62.3254614 87.3407038,63.9896299 C89.7769054,66.1491348 91.2224299,69.1980858 91.4167862,72.5790608 C91.6340873,76.3865379 90.218256,80.285794 87.5323606,83.2767083 C82.2739444,89.1357151 73.6304902,90.0359588 68.2681474,85.2823485 C66.3785728,83.6100819 65.107159,81.415485 64.5281393,78.990091 L51.7573143,93.2158298 C51.2903194,93.734111 50.6465143,94 49.9986602,94\" fill=\"currentColor\" fill-rule=\"evenodd\"/>"
}