{
  "width": 15,
  "height": 15,
  "block": "<path d=\"M19.980643,66.4756462 L19.9024507,48.6364278 L17.4480069,48.9170985 C16.4341573,49.0328253 15.4309101,49.5023834 14.6198304,50.2379801 C11.9029785,52.7028278 10.4239508,56.2012354 10.6625037,59.5998785 C10.8586471,62.3999348 12.1720131,64.758367 14.3627234,66.2441926 C15.0730808,66.7270527 15.9848828,66.935893 16.9218654,66.825487 L19.980643,66.4756462 Z M23.1905041,44.943812 C24.0466438,45.7113333 24.5383277,46.8286955 24.5383277,48.011237 L24.5383277,66.5794013 C24.5383277,68.8566917 22.7677354,70.8426699 20.5054592,71.1020575 L17.4480069,71.4505681 C17.110057,71.4891437 16.7734325,71.5090966 16.4394585,71.5090966 C14.7523597,71.5090966 13.1209233,71.0222459 11.765148,70.1004222 C8.41745632,67.8311129 6.3301189,64.1225348 6.03590372,59.927106 C5.69927915,55.1118073 7.74553247,50.1994045 11.5093663,46.7847991 C13.0321286,45.4027285 14.9551297,44.51682 16.9218654,44.2906872 L19.980643,43.9421766 C21.1681061,43.8078271 22.327738,44.1723 23.1905041,44.943812 L23.1905041,44.943812 Z M89.337233,48.6364278 C89.1410895,45.8377017 87.8263983,43.4779393 85.6370132,41.9921137 C85.0499082,41.5930558 84.3262979,41.3842155 83.5616035,41.3842155 C83.4012429,41.3842155 83.2382318,41.3935268 83.076546,41.4121495 L80.0190937,41.7619903 L80.0933101,59.093075 C80.1502977,59.2500378 80.1887312,59.4163119 80.2099359,59.5879068 L82.5517297,59.320538 C83.564254,59.2048112 84.5675013,58.7352531 85.3799063,57.9983262 C88.0954329,55.5348087 89.5757858,52.0364011 89.337233,48.6364278 L89.337233,48.6364278 Z M88.4890451,61.4528374 C86.967608,62.8349079 85.044607,63.7208165 83.076546,63.9456191 L80.0813825,64.2888089 C78.8581365,75.2708824 70.0886687,84.83364 59.1854783,86.9419959 C58.3306639,90.4244412 55.3408015,93.2058748 51.6710636,93.6262158 L51.6697383,93.6262158 L48.8521641,93.9467923 C48.5407201,93.9827075 48.2292761,94 47.9231333,94 C46.0730234,94 44.351467,93.3561866 42.9956916,92.1430506 C41.426544,90.7370365 40.5611273,88.7523886 40.5611273,86.5549097 C40.5611273,82.1759143 43.9737583,78.3542698 48.3286731,77.8567776 L51.1462473,77.5348709 C53.3382829,77.2821342 55.424295,77.9246175 57.0053703,79.3399428 C57.8999435,80.1420492 58.5559638,81.1357034 58.9641542,82.2464146 C68.3087994,80.1234265 75.6005648,71.3228696 75.6005648,61.6723193 L75.6005648,61.2493179 C75.5170713,60.9167696 75.4600837,60.5762402 75.4600837,60.2250693 L75.4600837,41.6582352 C75.4600837,39.3809448 77.2320012,37.3949666 79.4929521,37.135579 L82.5517297,36.7857382 C84.5900313,36.5529544 86.6097787,37.0331541 88.2345887,38.1358841 C91.580955,40.4051934 93.6696178,44.1137715 93.9638329,48.3105305 C94.3017828,53.124499 92.2555295,58.038232 88.4890451,61.4528374 L88.4890451,61.4528374 Z M50.2636018,11.8592514 C36.8397029,13.3942941 25.0300116,23.3654209 20.8752162,36.6713416 C20.5637722,37.666326 19.6493196,38.3034884 18.6633011,38.3034884 C18.4327001,38.3034884 18.1994484,38.2689034 17.967522,38.1957428 C16.7469266,37.811317 16.0657257,36.5050675 16.4487355,35.2786295 C21.1429255,20.2447881 34.5217644,8.97273256 49.7374602,7.2328401 C65.187733,5.47033436 78.752113,13.8399088 83.5350976,28.0636626 C83.9446133,29.2807893 83.2925689,30.6016709 82.0785999,31.0127006 C80.8659563,31.4224 79.5486144,30.7706054 79.140424,29.5521486 C75.073098,17.459364 63.4741284,10.3494823 50.2636018,11.8592514 L50.2636018,11.8592514 Z\" fill=\"currentColor\" fill-rule=\"evenodd\"/>"
}