{
  "width": 15,
  "height": 15,
  "block": "<path d=\"M48.2885236,21.6510164 L36.1888341,23.0342834 L36.1888341,18.8102644 C36.1888341,17.5741534 35.190514,16.5709329 33.9575952,16.5709329 C32.7259514,16.5709329 31.7263564,17.5741534 31.7263564,18.8102644 L31.7263564,23.5435714 L19.1217694,24.9857009 C17.8977755,25.1251792 17.0180299,26.2358877 17.1570042,27.464321 C17.2870536,28.6070198 18.2522237,29.4502881 19.3716681,29.4502881 C19.4558177,29.4502881 19.5412423,29.4451696 19.6279419,29.4349327 L38.8102209,27.242947 C38.2543237,31.0344552 36.4999325,34.7274327 33.8377458,37.9341555 C32.601002,36.6916464 31.5618822,35.2879054 30.7764861,33.7370084 C30.2193139,32.6352573 28.8741956,32.1963483 27.7764261,32.7555414 C26.6786566,33.3160141 26.2400588,34.6634518 26.798506,35.7664826 C27.804476,37.7524497 29.1304693,39.5426353 30.7038115,41.1191247 C27.798101,43.6374129 24.2803936,45.6668871 20.3648882,46.913235 C19.190619,47.2881631 18.5403723,48.5473072 18.9126704,49.7245558 C19.2148439,50.6791508 20.0933145,51.288249 21.0393598,51.288249 C21.2624837,51.288249 21.4907075,51.2536993 21.7151064,51.1820407 C26.5320323,49.6477787 30.801986,47.151244 34.2572187,44.0225779 C37.801701,46.3745158 42.1035295,47.8831855 46.8261059,48.3080186 C46.8936805,48.3131371 46.9599802,48.3156963 47.0275549,48.3156963 C48.1699492,48.3156963 49.1427693,47.4404376 49.2473188,46.2772649 C49.3569682,45.0449927 48.4504477,43.9573174 47.2239039,43.8459906 C43.5570222,43.5158492 40.205064,42.4268943 37.402628,40.7301208 C40.794111,36.605912 42.9284504,31.7574394 43.3836231,26.7195833 L48.793421,26.1015278 C50.0174149,25.9607698 50.8971605,24.851341 50.7581862,23.6229077 C50.6179369,22.3931948 49.5137924,21.5038603 48.2885236,21.6510164 L48.2885236,21.6510164 Z M80.6963115,66.3749452 L71.9332803,45.2177411 C71.5520572,44.2951366 70.602187,43.7359435 69.6204419,43.8523887 L66.6713816,44.1889283 C65.8426358,44.28362 65.1350143,44.8351354 64.8379408,45.6182616 L56.0736346,68.7806271 C55.6375868,69.9361221 56.2164339,71.2298159 57.3690282,71.6687249 C57.6291269,71.7685351 57.8968755,71.815881 58.1595242,71.815881 C59.0596697,71.815881 59.9075405,71.2643656 60.2466888,70.3699126 L62.6934015,63.9027233 L74.2920185,62.5757594 L76.5768071,68.0934722 C77.0498298,69.2361711 78.3566982,69.7761699 79.4939925,69.3014316 C80.6312868,68.827973 81.1706091,67.5163645 80.6963115,66.3749452 L80.6963115,66.3749452 Z M40.6296369,54.5602322 L55.4539877,52.8647383 L55.4539877,9.74800968 L12.4624777,14.6630224 L12.4624777,57.7810307 L26.7806561,56.1443993 C26.8648057,56.1341623 26.9489553,56.1290439 27.0331048,56.1290439 C27.5788021,56.1290439 28.1079245,56.3299439 28.5197474,56.6984739 C28.99277,57.1233071 29.2643437,57.7311256 29.2643437,58.3683754 L29.2643437,66.1753248 L39.2386188,55.2704202 C39.601992,54.8737386 40.0966895,54.6216539 40.6296369,54.5602322 L40.6296369,54.5602322 Z M93,30.5853093 L93,78.2101322 C93,79.3489922 92.1483043,80.3061465 91.0212099,80.4353879 L75.1526392,82.2498862 L75.1526392,92.7606685 C75.1526392,93.6551215 74.6222419,94.4638401 73.803696,94.8170146 C73.5206474,94.939858 73.2197489,95 72.9226754,95 C72.3629532,95 71.8108809,94.788863 71.3888581,94.387063 L60.3831131,83.938982 L43.5684972,85.8622478 C42.9322753,85.9313472 42.3049785,85.7330064 41.8294059,85.3081732 C41.3563832,84.8833401 41.0848096,84.2742419 41.0848096,83.6369921 L41.0848096,59.8757654 L28.6765716,73.4409959 C28.2456238,73.9118953 27.6463768,74.1665393 27.0331048,74.1665393 C26.7615312,74.1665393 26.4861326,74.1153545 26.2234839,74.0129851 C25.3666882,73.6790048 24.801866,72.8498123 24.801866,71.9272078 L24.801866,60.8777063 L10.4836876,62.5156173 C9.84874076,62.5859963 9.2201689,62.3850963 8.74459628,61.9602631 C8.27157364,61.5354299 8,60.9276114 8,60.2903616 L8,12.6642591 C8,11.5253991 8.85169574,10.5682448 9.97879011,10.4390034 L57.4315028,5.01342306 C58.0651747,4.94432369 58.6962965,5.1439441 59.1705941,5.56749765 C59.6448918,5.99233083 59.9164654,6.60014938 59.9164654,7.23867877 L59.9164654,31.8585292 L90.5163124,28.3600536 C91.1487093,28.2883949 91.7798311,28.489295 92.2541287,28.9141281 C92.7284264,29.3389613 93,29.9467799 93,30.5853093 L93,30.5853093 Z M68.4920725,48.5767384 L72.5083025,58.272404 L64.4758426,59.1911698 L68.4920725,48.5767384 Z\" fill=\"currentColor\" fill-rule=\"evenodd\"/>"
}