{
  "width": 15,
  "height": 15,
  "block": "<path d=\"M79.6223524,72.179 C84.8021614,71.468 88.3754789,67.727 88.2123275,62.818 C88.049176,57.909 84.2586568,55.104 79.0788478,55.788 C74.2703835,56.423 70.2636636,59.938 70.4388262,65.212 C70.6139888,70.485 74.81589,72.839 79.6223524,72.179 L79.6223524,72.179 Z M88.9810412,33.315 L76.1521306,52.125 L76.2862551,52.22 C77.5053869,51.611 78.9967716,51.361 80.292975,51.191 C88.4395384,50.128 93.7915073,55.58 93.9926941,61.648 C94.2439273,69.221 87.9841156,75.459 80.0927891,76.554 C71.7060027,77.717 64.8176074,73.873 64.5573658,66.004 C64.4302477,62.181 65.7754967,59.124 70.0204378,52.589 L82.005565,34.188 L88.9810412,33.315 Z M57.7860792,16 L57.7860792,78.063 L45.0892912,79.518 L45.0892912,57.246 L18.695787,60.272 L18.695787,82.546 L6,84 L6,21.939 L18.695787,20.484 L18.695787,48.863 L45.0892912,45.838 L45.0892912,17.457 L57.7860792,16 Z\" fill=\"currentColor\" fill-rule=\"evenodd\"/>"
}