{
  "width": 15,
  "height": 15,
  "block": "<path d=\"M51.3235294,41.8727273 C63.7499363,41.8727273 73.8235294,51.9748114 73.8235294,64.4363636 C73.8235294,76.8979159 63.7499363,87 51.3235294,87 C38.8971225,87 28.8235294,76.8979159 28.8235294,64.4363636 C28.8235294,51.9748114 38.8971225,41.8727273 51.3235294,41.8727273 Z M61.8839441,61.2439298 C56.6727711,61.8559658 53.9659537,62.1649226 51.355069,62.4588534 L50.7290655,62.5292557 C48.1181161,62.8226259 45.4104255,63.1240144 40.1975708,63.7214746 C38.8278613,63.878461 37.8428362,64.5841646 37.9985418,65.95863 C38.1434229,67.2370665 39.2242028,67.6454981 40.4773413,67.6454981 L62.4501462,65.1512526 C63.8206884,64.9942663 64.8048809,64.2885627 64.6483426,62.9140973 C64.4926371,61.5396319 63.2561516,61.0827683 61.8839441,61.2439298 Z M95,14 L95,50.1018182 L75.7180869,51.0679023 C74.4274808,48.7045053 72.8052987,46.5491429 70.9142988,44.6647506 L88.3823529,43.7893091 L88.3823529,20.9748182 L11.6176471,24.8239091 L11.6176471,47.6384 L29.8628952,46.7229455 C28.1723035,48.7804068 26.7702098,51.0851777 25.71869,53.5750069 L5,54.6145455 L5,18.5127273 L95,14 Z\" fill=\"currentColor\" fill-rule=\"evenodd\"/>"
}