{
  "width": 15,
  "height": 15,
  "block": "<path d=\"M89.5284739,10.1364502 L73.9281858,11.9081026 C72.58505,12.061353 71.5708654,13.1975532 71.5708654,14.5484991 C71.5708654,16.1346893 72.9510936,17.3675251 74.526545,17.1888957 L86.4009978,15.8457587 C86.5806032,15.8252602 86.738734,15.9658211 86.738734,16.1473788 L86.6606447,79.7980173 C86.6606447,79.9522438 86.5444869,80.0820674 86.3922128,80.0986614 L22.1178935,87.3531631 C21.9382882,87.3736615 21.7811335,87.2331007 21.7811335,87.052519 L21.7811335,68.2398157 C21.7811335,66.7727118 20.5912479,65.5828252 19.1241454,65.5828252 L19.0997424,65.5828252 C17.6316638,65.5828252 16.4417782,66.7727118 16.4417782,68.2398157 L16.4417782,90.3547229 C16.4417782,91.1092613 16.7668249,91.8257312 17.3349245,92.3274554 C17.8259109,92.7618274 18.4584341,93 19.1114558,93 C19.2110197,93 19.3125358,92.9931672 19.4130757,92.983406 L89.6319423,85.0573358 C90.9809348,84.9040855 92,83.7737419 92,82.4296288 L92,12.3434508 C92,11.0169078 90.8462307,9.98710432 89.5284739,10.1364502 M46.5471521,7.13196204 C45.2176819,6.6878288 43.7720539,7.40137034 43.3240166,8.72303278 L27.5987856,55.0446659 C27.3811118,55.6859748 27.4260131,56.372185 27.7266569,56.9793298 C28.0282767,57.5894029 28.5504989,58.0442735 29.1947355,58.2609714 C29.4563347,58.3497981 29.7306233,58.3937234 30.0097925,58.3937234 C31.1030426,58.3937234 32.0723259,57.7016564 32.4217755,56.6699007 L48.1470064,10.3472915 C48.3646803,9.70695874 48.3188029,9.01977236 48.0181591,8.41360369 C47.7165392,7.80353055 47.1943171,7.34866002 46.5471521,7.13196204 M26.593386,20.6121381 C26.5562936,19.9337367 26.256626,19.3109741 25.7490456,18.8580558 C24.7055774,17.9278163 23.0940097,18.0137146 22.1588904,19.0503508 L8.6562759,33.9907979 C8.19750132,34.4974026 7.96518568,35.151401 8.00423032,35.8356591 C8.04327497,36.5072276 8.35563213,37.1465842 8.86028417,37.5897414 L22.3638748,49.4739661 C22.8294822,49.8849113 23.4278414,50.1113705 24.0496274,50.1113705 C24.77781,50.1113705 25.4718286,49.7999891 25.95403,49.2592203 C26.4059717,48.7526156 26.6324307,48.1005694 26.5924099,47.4221681 C26.551413,46.7447429 26.2468648,46.1239324 25.7353799,45.6739425 L14.1576664,35.4842569 L25.9413404,22.4452858 C26.3981628,21.9406333 26.6295023,21.2895633 26.593386,20.6121381 M68.6249469,28.6826736 C68.6630154,29.353266 68.4267953,30.0248345 67.9758296,30.5236303 L54.4702868,45.4660296 C53.9900376,45.9989895 53.2999235,46.3045141 52.5785737,46.3045141 C51.950931,46.3045141 51.3476913,46.0751266 50.8801316,45.6573485 C50.3735274,45.2063824 50.0738597,44.5845959 50.0367673,43.9061946 C49.9996749,43.2277933 50.2310144,42.5757471 50.6868606,42.0710946 L62.4715107,29.0321235 L50.8937973,18.8404857 C50.3832885,18.392448 50.0787403,17.7726137 50.0377434,17.0942123 C49.9967465,16.4167871 50.2232055,15.7637648 50.6770995,15.256184 C51.606362,14.213691 53.2159775,14.1170554 54.2653024,15.0404621 L67.768893,26.9266391 C68.2823301,27.376629 68.5868783,28.0003678 68.6249469,28.6826736\" fill=\"currentColor\" fill-rule=\"evenodd\"/>"
}