{
  "width": 15,
  "height": 15,
  "block": "<path d=\"M86.7514193,52.5537541 C81.4377424,69.9173298 68.1999754,80.2592631 50.4284721,80.9294502 C50.0623775,80.9441064 49.6936301,80.9494359 49.3275355,80.9494359 C39.5199153,80.9507683 30.2720484,76.1395442 27.0753531,74.2875361 C19.8582498,84.1298269 16.5846217,94.2146108 16.5328909,94.3731641 C16.2185271,95.3657871 15.3059436,96 14.3217328,96 C14.0896077,96 13.8521768,95.9640257 13.6187252,95.8894125 C12.3970835,95.5003575 11.7219309,94.190628 12.1092483,92.9648384 C12.3970835,92.048161 18.2585758,73.9291259 32.1542519,61.7471759 C31.5639908,60.4507701 31.249627,59.0117998 31.2947256,57.5128723 C31.4008399,53.9993864 32.3253613,48.7018436 36.1176235,43.4136275 C36.8670562,42.3677093 38.3181701,42.131878 39.3594173,42.8846727 C40.3993381,43.6374674 40.6327897,45.095091 39.8846834,46.1396769 C36.7781854,50.4712442 36.0221205,54.7921524 35.9345762,57.655437 C35.9252912,58.0005234 35.9624312,58.3389479 36.0221205,58.6693781 C37.7915776,57.4049495 39.6698018,56.245779 41.6634255,55.2305054 C51.8159174,50.0608712 58.7040661,43.4029685 62.6966191,38.7289796 C63.5309433,37.7510127 64.9993008,37.6377604 65.9702473,38.4771598 C66.9425201,39.3138944 67.0552667,40.7861742 66.219616,41.7641411 C61.955145,46.7592336 54.5961138,53.8728103 43.7618371,59.3901957 C42.0759451,60.2482484 40.4802503,61.2328772 38.9641413,62.3041107 C39.1936136,62.3960449 39.4257388,62.4786525 39.6724547,62.5359448 C44.4529069,63.6418202 51.9406018,63.9495999 60.4629117,59.1503673 C61.5797654,58.5188192 62.9963922,58.9211979 63.6224669,60.0443943 C64.2485417,61.1675906 63.8506128,62.5879076 62.7324327,63.2181233 C56.4239337,66.7702483 50.5717264,67.884118 45.7156678,67.884118 C43.0150572,67.884118 40.6248311,67.5403639 38.6312075,67.0806929 C37.3074308,66.7742455 36.1043592,66.190663 35.0710705,65.4058912 C33.2379449,67.0340596 31.5507265,68.7794773 30.0067625,70.5835198 C33.4249714,72.4701698 41.8610635,76.5659058 50.2547098,76.2701175 C65.9317808,75.6785408 77.6162989,66.5344171 82.313186,51.1840675 C86.9132437,36.1521567 83.3371896,19.2642407 74.0322862,10.2959911 C68.1734468,25.2732743 56.4478094,29.0892105 46.0247259,32.4814499 C35.7183682,35.8350503 26.8180258,38.7316443 24.082928,51.4931796 C23.7274449,53.1453308 23.5510298,56.5495616 24.7129821,63.3793413 C24.9291901,64.6490994 24.0802752,65.8535709 22.8161878,66.0707488 C21.5521004,66.2892592 20.3516816,65.4338712 20.1368001,64.1654455 C19.102185,58.0924576 18.904547,53.4984115 19.543886,50.5098832 C22.8427164,35.1235594 33.8998332,31.5248011 44.5935084,28.0446246 C55.6386874,24.4511959 66.0697295,21.0549593 70.7228444,5.65531169 C70.9417053,4.93049699 71.4974793,4.35890599 72.2110984,4.11907759 C72.9260439,3.88058158 73.7126167,4.00449292 74.318795,4.45350496 C87.152001,13.9307237 92.3794599,34.1589163 86.7514193,52.5537541\" fill=\"currentColor\" fill-rule=\"evenodd\"/>"
}