{
  "width": 15,
  "height": 15,
  "block": "<path d=\"M47.25,10 L47.249,16.304 L14.25,19.85875 L14.25,88.03625 L47.249,84.484 L47.25,90.75 L8,95 L8,14.25 L47.25,10 Z M93,5 L93,85.75 L53.75,90 L53.7496113,83.745 L86.75,80.14 L86.75,11.9625 L53.7496113,15.57 L53.75,9.25 L93,5 Z M47.2524594,16.3042289 L47.2524594,84.4848044 L47.249,84.484 L47.249,16.304 L47.2524594,16.3042289 Z M53.6875,62.2375 L53.6875,77.6625 L47.3125,77.975 L47.3125,62.55 L53.6875,62.2375 Z M28.8122816,39.3459197 L28.976444,39.484474 L39.5572718,49.1180339 C40.1166576,49.6269716 40.4527375,50.3388825 40.495683,51.1005894 C40.5322758,51.7745399 40.3353169,52.4374351 39.9417899,52.9756347 L39.7850754,53.1713925 L29.2055673,65.2810139 C28.7120449,65.8469515 28.0281397,66.1847266 27.3025408,66.2414631 L27.0837591,66.25 L26.8511002,66.2403578 C26.2338204,66.1890721 25.6455786,65.9343167 25.1796823,65.5028611 C24.0832696,64.4935586 23.9456617,62.8101638 24.8250089,61.6342643 L24.9645454,61.4618333 L33.67375,51.4925 L25.1932321,43.7709072 C24.0911645,42.7682608 23.942205,41.0867271 24.8137884,39.9051035 L24.9521884,39.7317567 C25.9439389,38.5822732 27.6375172,38.4272292 28.8122816,39.3459197 Z M71.7945438,34.7181321 C72.8403213,33.5200955 74.652898,33.4191403 75.8214663,34.4979628 C76.9709831,35.5577225 77.0655544,37.3587219 76.0362073,38.5377476 L76.0362073,38.5377476 L67.325,48.50625 L75.8065698,56.2284949 C76.9086214,57.2310624 77.0575367,58.912208 76.1857802,60.0953402 L76.1857802,60.0953402 L76.0473533,60.2689279 C75.5035347,60.8987744 74.7257706,61.25 73.914203,61.25 C73.2208738,61.25 72.5485488,60.9930795 72.0232605,60.5149256 L72.0232605,60.5149256 L61.4427878,50.8814817 C60.8835925,50.37275 60.5473262,49.6600568 60.5043256,48.8990585 C60.4631219,48.1418645 60.7174632,47.3967159 61.2140369,46.8290519 L61.2140369,46.8290519 Z M53.6875,41.9125 L53.6875,57.3375 L47.3125,57.65 L47.3125,42.225 L53.6875,41.9125 Z M53.6875,21.9125 L53.6875,37.3375 L47.3125,37.65 L47.3125,22.225 L53.6875,21.9125 Z\" fill=\"currentColor\" fill-rule=\"evenodd\"/>"
}