{
  "width": 15,
  "height": 15,
  "block": "<path d=\"M95,5 L95,90.5 L5,95 L5,9.5 L95,5 Z M88.3823529,11.9551471 L11.6176471,15.7933824 L11.6176471,88.0435294 L88.3823529,84.2052941 L88.3823529,11.9551471 Z M54.5,62.9573529 L54.5,79.2897059 L47.75,79.6205882 L47.75,63.2882353 L54.5,62.9573529 Z M54.5,41.4367647 L54.5,57.7691176 L47.75,58.1 L47.75,41.7676471 L54.5,41.4367647 Z M54.5,20.2602941 L54.5,36.5926471 L47.75,36.9235294 L47.75,20.5911765 L54.5,20.2602941 Z\" fill=\"currentColor\" fill-rule=\"evenodd\"/>"
}