{
  "width": 15,
  "height": 15,
  "block": "<path d=\"M83.8,6.0526733 C88.3109525,5.54299031 92,8.79036041 92,13.2720556 L92,13.2720556 L92,78.4465842 C92,82.9282794 88.3109525,87.0111511 83.8,87.522186 L83.8,87.522186 L18.1986392,94.9470638 C13.6890475,95.4580988 10,92.2107287 10,87.7290335 L10,87.7290335 L10,22.5545049 C10,18.0728097 13.6890475,13.989938 18.1986392,13.4789031 L18.1986392,13.4789031 Z M81,18 L21,24.8592077 L21,85 L51,81.5703962 L51,36.4648019 L66,34.75 L66,79.8555942 L81,78.1407923 L81,18 Z\" fill=\"#000\" fill-rule=\"evenodd\"/>"
}