{
  "width": 15,
  "height": 15,
  "block": "<path fill=\"currentColor\" d=\"M23.88 21.938841L36.6878891 20.4839333 36.6878891 48.8627607 63.3154241 45.8377991 63.3154241 17.4562623 76.1233133 16 76.1233133 78.0625137 63.3154241 79.5174214 63.3154241 57.2454131 36.6878891 60.2717294 36.6878891 82.5450923 23.88 84z\" fill-rule=\"evenodd\"/>"
}