{
  "width": 15,
  "height": 15,
  "block": "<path d=\"M90.4188483,79.9977576 L11.6339391,89.0668635 L11.6339391,19.4356347 L14.7439743,22.5406011 C15.6509024,23.4467145 17.1178751,23.4440572 18.0195073,22.533958 C18.9237874,21.6238587 18.9198154,20.1517566 18.0128873,19.2456432 L10.9507641,12.1920418 C10.2887728,11.5290644 9.2918139,11.3337584 8.42725325,11.6924837 C7.56269261,12.0525376 7,12.900192 7,13.8395208 L7,91.6749289 C7,92.3379063 7.2820083,92.9689971 7.77452983,93.4100963 C8.20085223,93.7914079 8.75030501,94 9.31696957,94 C9.40435242,94 9.49173527,93.9946856 9.58044211,93.9840567 L90.9457934,84.6186703 C92.2181406,84.4711944 93.1303647,83.3192878 92.9847266,82.0438202 C92.8390885,80.767024 91.6885476,79.8529389 90.4188483,79.9977576 L90.4188483,79.9977576 Z M23.6808569,75.887032 L34.4686672,74.65408 L34.4686672,35.345764 L23.6808569,36.5787159 L23.6808569,75.887032 Z M19.8201236,80.2262789 C19.3289261,79.7851797 19.0469178,79.154089 19.0469178,78.4924402 L19.0469178,34.5034239 C19.0469178,33.3222878 19.9313381,32.3271574 21.1017388,32.1942962 L36.5234882,30.4298994 C37.1828315,30.3554971 37.835555,30.5640892 38.3294005,31.0051884 C38.820598,31.4476162 39.1026063,32.0787069 39.1026063,32.7403557 L39.1026063,76.729372 C39.1026063,77.9105081 38.2181859,78.9056385 37.0477853,79.0384997 L21.6260359,80.8015679 C21.538653,80.8121968 21.4512702,80.8175113 21.3638873,80.8175113 C20.7972228,80.8175113 20.24777,80.6089192 19.8201236,80.2262789 L19.8201236,80.2262789 Z M88.3653512,49.7984058 L77.5775409,51.0313578 L77.5775409,69.7249293 L88.3653512,68.4906487 L88.3653512,49.7984058 Z M92.9992904,47.1929976 L92.9992904,70.5659407 C92.9992904,71.7484054 92.11487,72.7435359 90.9444694,72.8763971 L75.5227199,74.6394653 C75.4353371,74.6500941 75.3479542,74.6554086 75.2605714,74.6554086 C74.6939068,74.6554086 74.144454,74.4468165 73.7168077,74.0641762 C73.2256101,73.623077 72.9436018,72.9919863 72.9436018,72.3303375 L72.9436018,48.9560658 C72.9436018,47.7749297 73.8280222,46.7797992 74.9984228,46.6456094 L90.4201723,44.8825412 C91.0781916,44.8094676 91.732239,45.0167311 92.2260845,45.4578303 C92.7172821,45.8989295 92.9992904,46.5313488 92.9992904,47.1929976 L92.9992904,47.1929976 Z M46.7697896,77.1465562 C46.2772681,76.7041284 45.9952598,76.0730377 45.9952598,75.4113889 L45.9952598,10.0875203 C45.9952598,8.90505561 46.8796802,7.9112538 48.0500808,7.77706399 L63.4718302,6.0139958 C64.1298496,5.94225075 64.783897,6.14818562 65.2777425,6.58928482 C65.7689401,7.03038402 66.0509484,7.66147474 66.0509484,8.32445215 L66.0509484,73.6469921 C66.0509484,74.8294568 65.166528,75.8232586 63.9961273,75.9574484 L48.5743779,77.7218452 C48.4869951,77.7311455 48.3996122,77.7364599 48.3122294,77.7364599 C47.7455648,77.7364599 47.196112,77.5278678 46.7697896,77.1465562 L46.7697896,77.1465562 Z\" fill=\"currentColor\" fill-rule=\"evenodd\"/>"
}