{
  "width": 15,
  "height": 15,
  "block": "<title>justice hammer</title>\n    <g id=\"justice-hammer\" stroke=\"none\" stroke-width=\"1\" fill=\"none\" fill-rule=\"evenodd\">\n        <path d=\"M0,100 L100,100 L100,0 L0,0 L0,100 Z M1.34215577,98.6578442 L98.6578442,98.6578442 L98.6578442,1.34215577 L1.34215577,1.34215577 L1.34215577,98.6578442 Z\" id=\"outline\" fill=\"#FFFFFF\" opacity=\"0\"></path>\n        <path d=\"M33.5572114,4.69358643 C39.3511965,2.25062298 44.3263342,2.45623231 47.566649,5.2738917 L47.566649,5.2738917 L54.9888855,11.7275897 C54.9902345,11.7289424 54.9902345,11.7289424 54.9915835,11.7302951 C57.4332862,13.8553757 58.5327269,17.1762369 58.2265023,21.3682323 C62.0752192,24.7878401 69.2613795,31.1982519 75.6462296,36.8971473 C79.2912465,36.3046678 82.4141976,36.96884 84.6764824,38.9370082 C86.0281874,40.1124984 90.5581529,43.6863131 92.1068129,44.9037368 C92.319956,45.0565911 92.525005,45.2189142 92.7233091,45.3920589 C99.0231717,50.8704653 95.98251,64.3825151 85.8029032,76.1550018 C81.13399,81.5535993 75.6705117,85.7455947 70.4201765,87.9599531 C67.7396996,89.0894517 65.2332446,89.6521719 62.993893,89.6521719 C60.5238612,89.6521719 58.3910811,88.9447135 56.6899833,87.5784937 C56.6737952,87.5663194 56.6522111,87.563614 56.634674,87.5514398 C56.5159614,87.4702782 53.6290865,85.50211 48.3639122,80.9232444 C45.5566286,78.4829863 44.6150217,74.4424925 45.3219014,69.6756026 C44.5893906,69.02631 43.4832049,68.048313 42.155782,66.8728228 L42.155782,66.8728228 L17.5080753,94.4028296 C15.9688583,96.123455 13.8293332,97 11.6817141,97 C9.83627249,97 7.98408589,96.3520601 6.5001782,95.0345372 C5.00952547,93.7102508 4.12592589,91.8814099 4.01260931,89.8861878 C3.89794371,87.8909657 4.56840019,85.9741998 5.89852108,84.4875903 L5.89852108,84.4875903 L30.7189007,56.7655012 C30.196835,56.3055856 29.6977024,55.8659604 29.228248,55.4520363 C27.8428178,55.796973 26.5180929,55.9701177 25.2756575,55.9701177 C22.6572349,55.9701177 20.3976482,55.2126097 18.6790133,53.7165313 L18.6790133,53.7165313 L18.6749663,53.7124732 L11.2540788,47.2601279 C8.01376404,44.4438212 7.10723134,39.5335458 8.69905959,33.435606 C10.1411481,27.9112081 13.5082695,21.8971352 18.1771827,16.497185 C22.8460959,11.0985875 28.3082252,6.90659208 33.5572114,4.69358643 Z M86.4571716,47.8810139 C86.150947,47.8688397 85.8312324,47.8783086 85.5020746,47.898599 L85.5020746,47.898599 L85.2794885,47.9148313 C84.9476328,47.9432378 84.602287,47.9919348 84.2488472,48.0541586 L84.2488472,48.0541586 L84.0046769,48.0987975 C83.6579821,48.1677848 83.3018442,48.2543572 82.9376124,48.3531038 C82.8269938,48.3842157 82.7163752,48.4153277 82.6044076,48.4477923 C82.2658069,48.5478916 81.9218101,48.6628705 81.5710683,48.7900236 C81.4091874,48.8468367 81.2459576,48.9090606 81.0813787,48.9739898 C80.7778522,49.0916741 80.4702786,49.22018 80.160007,49.3568019 C79.8956016,49.4731335 79.6284982,49.6002867 79.3627438,49.7287925 C79.0902444,49.8600037 78.819094,49.9912149 78.5425476,50.1373058 C78.2633031,50.2833966 77.9840587,50.4443671 77.7048142,50.6026321 C77.4282678,50.7581918 77.1557684,50.9083407 76.877873,51.0787801 C76.5932325,51.2505721 76.309941,51.4399491 76.0266495,51.625268 C75.7528011,51.8038235 75.4803017,51.9742628 75.2024063,52.1649925 C74.8894366,52.382776 74.575118,52.6194973 74.2634974,52.8508078 C74.0166291,53.0320687 73.7724589,53.202508 73.5242416,53.3932377 C73.0574852,53.7557594 72.5947758,54.1399242 72.1334154,54.5294997 C72.0362869,54.6106613 71.9418564,54.6810014 71.8474259,54.7635156 C71.2794939,55.2518378 70.718307,55.761803 70.1625161,56.290706 C70.0721327,56.3759256 69.9844472,56.4719668 69.8967618,56.5571865 C69.4313544,57.0076332 68.968645,57.4634907 68.5153786,57.9396386 C67.9730778,58.5091224 67.433475,59.1016019 66.9006172,59.7184299 C58.0241512,69.9826639 55.8778811,80.6486477 59.5040119,83.801775 C61.2873991,85.3519611 64.5992113,85.277563 68.590923,83.594813 C73.1856408,81.6577567 78.0312739,77.9135026 82.2347797,73.0532769 C91.1004537,62.8012171 93.2507708,52.1487602 89.6421771,48.982106 C89.623291,48.9672264 89.617895,48.9618156 89.5909148,48.9428779 C89.4465711,48.8184302 89.2819922,48.7169782 89.1174134,48.6141735 C88.9730696,48.5262485 88.8246789,48.4464396 88.6668451,48.3733942 C88.5602735,48.3246972 88.4523529,48.2787057 88.3417344,48.2367722 C88.1434303,48.1650795 87.9370323,48.1028556 87.7198421,48.0514533 C87.6335057,48.0311629 87.5471692,48.0108725 87.4567858,47.9932875 C87.1923804,47.9445905 86.917183,47.9107732 86.6284955,47.8918355 L86.6284955,47.8918355 Z M78.0690461,41.4029675 C77.281226,41.4029675 76.4165126,41.5125356 75.4924428,41.7276138 C75.4843487,41.7303191 75.4789527,41.7343772 75.4708587,41.7357299 C74.8867386,41.8737046 74.2850815,42.0617289 73.6780284,42.2741017 C73.4891674,42.3417364 73.2962594,42.4174872 73.1020024,42.4918853 C72.7067433,42.6447396 72.3047393,42.8165316 71.9013862,42.9991451 C71.6221417,43.1262983 71.3428973,43.2520987 71.0623038,43.3914261 C70.6576017,43.5929773 70.2502016,43.814819 69.8414525,44.0434241 C69.6080743,44.1732826 69.3746961,44.295025 69.1399688,44.4329996 C68.4910965,44.8198698 67.8395261,45.2351466 67.1879557,45.6855933 C67.1002703,45.7451118 67.0152828,45.8127464 66.9275974,45.8749703 C66.3475244,46.2834836 65.7661024,46.7163453 65.1873784,47.1735555 C65.0147055,47.3088248 64.8433816,47.453563 64.6720577,47.594243 C64.1796701,47.9959928 63.6886316,48.413975 63.2029891,48.8481894 C63.0114301,49.0186287 62.8212201,49.1904207 62.6323591,49.3649181 C62.1548106,49.8045433 61.6853562,50.2631062 61.2172508,50.7324907 C61.0418799,50.9083407 60.86516,51.0787801 60.6911381,51.2586882 C60.0678968,51.9039227 59.4514006,52.5694477 58.8524415,53.2620265 C54.4088125,58.4009069 51.2440421,64.2215447 50.1715815,69.233272 C50.1688835,69.2454462 50.1634875,69.2549151 50.1607895,69.2670893 C49.3756674,72.9951111 49.8289338,75.9304548 51.4571852,77.3467243 C52.0480503,77.8607476 52.6078882,78.3409536 53.1366989,78.7873422 C53.1380479,78.6899484 53.147491,78.5871437 53.150189,78.4883971 C53.154236,78.3680074 53.160981,78.2462651 53.1677261,78.1258754 C53.1947062,77.590209 53.2405724,77.0477791 53.3134188,76.4918223 C53.3188149,76.4485362 53.3215129,76.4079554 53.3269089,76.3646692 C53.4091983,75.7748951 53.5238639,75.1702413 53.6547176,74.5588241 C53.6857448,74.4222021 53.7154229,74.2855801 53.7477991,74.1476055 C53.8921428,73.5307775 54.0526747,72.9085387 54.2482807,72.2741257 C54.2604217,72.2348976 54.2752608,72.1943169 54.2874019,72.1537361 C54.4762628,71.550435 54.690755,70.9376651 54.9241332,70.3194844 C54.9767444,70.1801571 55.0280067,70.0408297 55.083316,69.9001496 C55.3355803,69.2576205 55.6080797,68.612386 55.9062103,67.960388 C55.9561235,67.8535252 56.0100838,67.7466625 56.0599971,67.6397997 C56.3365435,67.052731 56.631976,66.4629569 56.9449456,65.8718301 L56.9449456,65.8718301 L57.1445987,65.489018 C57.5007365,64.8343146 57.8784585,64.1782585 58.2791136,63.5208497 L58.2791136,63.5208497 L58.5448679,63.0947514 C58.9198919,62.4941558 59.3111039,61.8949128 59.722551,61.2970225 C59.7832564,61.2050394 59.8412637,61.114409 59.904667,61.0237786 C60.3633294,60.3663698 60.8489719,59.708961 61.3521515,59.0556103 C61.4681661,58.902756 61.5868787,58.7526071 61.7055913,58.5997528 C62.229006,57.9355806 62.7645618,57.272761 63.3324937,56.616705 C63.8545595,56.0147566 64.3847192,55.4371567 64.918926,54.8703784 C65.0524777,54.7296983 65.1833313,54.5903709 65.318232,54.4523962 C65.8524388,53.8964395 66.3920416,53.3540096 66.9370404,52.8359282 C66.9869537,52.7885839 67.038216,52.7439451 67.0894782,52.6966008 C67.5899598,52.224511 68.0944884,51.7727115 68.6017151,51.3330863 C68.7635959,51.1910536 68.9268257,51.0503735 69.0900556,50.9123988 C69.6067253,50.4768317 70.1233949,50.0534388 70.6427626,49.651689 C70.8545567,49.4880132 71.0703979,49.3338062 71.282192,49.1755411 C71.5992086,48.9388198 71.9162252,48.708862 72.2332419,48.4856677 C73.3448236,47.7024585 74.4631504,46.9990581 75.5841752,46.3714086 L75.5841752,46.3714086 L75.6084574,