{
  "width": 15,
  "height": 15,
  "block": "<title>remove</title>\n    <g id=\"remove\" stroke=\"none\" stroke-width=\"1\" fill=\"none\" fill-rule=\"evenodd\">\n        <path d=\"M0,100 L100,100 L100,0 L0,0 L0,100 Z M1.34215577,98.6578442 L98.6578442,98.6578442 L98.6578442,1.34215577 L1.34215577,1.34215577 L1.34215577,98.6578442 Z\" id=\"outline\" fill=\"#EEEEEE\" opacity=\"0\"></path>\n        <path d=\"M19.977572,48.076375 C16.2815305,48.4987942 13.6235262,50.3977032 14.0436841,54.0961178 C14.4346332,57.5361378 17.3510234,58.6351467 20.7325082,58.6351467 L80.0242041,51.923625 C83.7224925,51.5012058 86.37825,49.6022968 85.9558452,45.9038822 C85.5356873,42.2054675 82.1991392,40.9761378 78.4963572,41.4097915 C49.2476147,44.835277 49.2357534,44.7324686 19.977572,48.076375 Z\" id=\"icon\" fill=\"#000000\"></path>\n    </g>"
}