{
  "width": 15,
  "height": 15,
  "block": "<path d=\"M43.0822297,41.60047 C42.8288519,41.6935949 42.5691078,41.7382438 42.3131834,41.7382438 C41.4066256,41.7382438 40.5535444,41.1782187 40.2212248,40.2750346 C39.7972307,39.1179895 40.3892945,37.8346517 41.5441372,37.409849 L61.8780264,29.9190342 C63.0328691,29.4955072 64.313764,30.0861488 64.7377581,31.2431939 C65.1630254,32.4015147 64.5709616,33.6835769 63.4161189,34.1096552 L43.0822297,41.60047 Z M67.2333387,41.5060694 C67.6573328,42.6631145 67.065269,43.9464523 65.9104263,44.3725307 L45.5765371,51.8633454 C45.3231593,51.957746 45.0634152,52.0011193 44.8074908,52.0011193 C43.900933,52.0011193 43.0478518,51.4423698 42.7168054,50.5391858 C42.2915381,49.3821406 42.8836019,48.0988028 44.0384445,47.6727245 L64.3723338,40.1819097 C65.5284497,39.757107 66.8080714,40.3490243 67.2333387,41.5060694 L67.2333387,41.5060694 Z M41.5148523,80.6606295 L28.9249026,28.8704222 L67.5452863,14.6427218 L80.1365093,66.4316534 L41.5148523,80.6606295 Z M55.6619934,10.1854829 C56.103813,10.9968177 56.7519,11.7392657 57.5922486,12.3796589 C57.9513066,12.6539309 58.3358298,12.9026892 58.7445448,13.1272095 L28.5200073,24.2626527 C26.5617405,25.0433711 22.9533346,25.2806483 20.7760678,24.5586113 C20.2769517,24.3200584 19.8223995,24.011343 19.4646147,23.6043999 C19.4620682,23.5801619 19.4531554,23.5431671 19.4531554,23.5240318 L55.6619934,10.1854829 Z M84.9366822,67.3118752 L71.2835643,11.1562782 C71.2746515,11.116732 71.2555526,11.0835642 71.2453666,11.0452937 C71.2313608,11.0019205 71.2262678,10.9572716 71.2109887,10.9138983 C71.1969829,10.8769035 71.1753375,10.8450114 71.1600585,10.8080166 C71.1320469,10.7442324 71.1014887,10.6817239 71.0671108,10.6192154 C71.0263667,10.54395 70.983076,10.4725117 70.933419,10.4023491 C70.8964946,10.3500461 70.8582969,10.2990188 70.8175528,10.2505428 C70.7602563,10.1816559 70.6978668,10.1191474 70.634204,10.0579145 C70.5883668,10.015817 70.5438028,9.9749951 70.4954191,9.93672459 C70.4241168,9.8805945 70.3489948,9.83211852 70.2713262,9.78491822 C70.235675,9.76195592 70.2051169,9.73389087 70.1669192,9.71347994 C70.1503669,9.70455015 70.1312681,9.7007231 70.1121693,9.69179331 C70.0294077,9.64969575 69.941553,9.61780366 69.8511519,9.58591156 C69.7989484,9.56805199 69.7480182,9.54508969 69.6945415,9.53105716 C69.592681,9.50299212 69.4882741,9.4889596 69.3825939,9.47620277 C69.3405765,9.47110003 69.2972858,9.46089456 69.2552684,9.45834319 C69.1279428,9.44941341 69.0006173,9.45706751 68.8720185,9.47110003 C68.8490999,9.4736514 68.824908,9.47110003 68.8019894,9.47492708 C68.650472,9.4966137 68.4989546,9.53360853 68.3499837,9.58846293 C65.2585196,10.7289242 61.8907589,10.0464334 60.2915501,8.82815544 C59.6867538,8.36508225 59.3989981,7.8918036 59.438469,7.41852494 C59.5021318,6.65821745 59.1736319,5.91832089 58.5675623,5.45652339 C57.9627659,4.99472589 57.1631615,4.87353593 56.4488652,5.13760246 L17.8934175,19.3410649 C15.9160518,20.070756 14.8337847,21.8835025 15.024773,23.9922077 C14.9840289,24.2703068 14.9916684,24.5573356 15.0616974,24.8443644 L28.7351875,80.7984034 C29.6251931,84.45834 33.4857035,86.0988692 37.4671733,86.0988692 C37.8733417,86.0988692 38.2795102,86.0708042 38.6844055,86.0376364 L38.6844055,94.8666434 C38.6844055,95.8795362 39.9092772,96.3808799 40.6172072,95.6601186 L43.4438343,92.7809005 L46.2691881,95.6601186 C46.9771181,96.3808799 48.2019898,95.8795362 48.2019898,94.8666434 L48.2019898,82.9543089 L83.539921,69.9346809 C84.6030893,69.543046 85.2040659,68.4140659 84.9366822,67.3118752 L84.9366822,67.3118752 Z\" fill=\"currentColor\" fill-rule=\"evenodd\"/>"
}