{
  "width": 15,
  "height": 15,
  "block": "<path d=\"M61.0938721,57.9028956 C61.2420202,59.1958249 60.3127273,60.3648485 59.019798,60.5116498 L35.9261953,63.1432997 C35.8346128,63.1527273 35.7457239,63.1581145 35.6554882,63.1581145 C34.4729966,63.1581145 33.4548148,62.2705724 33.3174411,61.0678788 C33.1692929,59.7749495 34.0985859,58.6059259 35.3915152,58.4591246 L58.4851178,55.8274747 C59.7915152,55.6725926 60.9470707,56.6113131 61.0938721,57.9028956 L61.0938721,57.9028956 Z M59.019798,17.0180471 C59.263569,16.9897643 59.5032997,16.9762963 59.7403367,16.9762963 C61.1046465,16.9762963 62.3531313,17.4301684 63.3107071,18.2853872 C64.423165,19.276633 65.0346128,20.71367 65.0346128,22.3298316 C65.0346128,25.9338721 62.0958923,29.1998653 58.4851178,29.6119865 C56.8487542,29.7964983 55.3187879,29.3493603 54.192862,28.3432997 C53.0817508,27.3507071 52.470303,25.9150168 52.470303,24.2988552 C52.470303,20.7554209 55.4682828,17.4220875 59.019798,17.0180471 L59.019798,17.0180471 Z M47.0709764,36.273266 C49.8157576,38.7230976 53.3214815,40.0227609 57.1006061,40.0227609 C57.7336027,40.0227609 58.3733333,39.9863973 59.019798,39.9123232 C68.0325926,38.8847138 75.3659259,30.7109764 75.3659259,21.690101 C75.3659259,17.2187205 73.6150842,13.1944781 70.4352862,10.3554209 C67.2312458,7.49616162 62.9915152,6.20323232 58.4851178,6.71636364 C49.4723232,7.74397306 42.1403367,15.9177104 42.1403367,24.9385859 C42.1403367,29.4099663 43.8911785,33.4355556 47.0709764,36.273266 L47.0709764,36.273266 Z M23.0171044,21.1190572 C23.2595286,21.0907744 23.4992593,21.0773064 23.7376431,21.0773064 C25.1006061,21.0773064 26.3504377,21.5311785 27.3093603,22.3877441 C28.4204714,23.3803367 29.0319192,24.8160269 29.0319192,26.4321886 C29.0319192,29.9756229 26.0339394,33.3089562 22.4824242,33.7143434 C20.8393266,33.8988552 19.3160943,33.4503704 18.1915152,32.4456566 C17.0790572,31.4544108 16.4676094,30.0173737 16.4676094,28.4012121 C16.4676094,24.7971717 19.40633,21.5311785 23.0171044,21.1190572 L23.0171044,21.1190572 Z M11.066936,40.3756229 C13.813064,42.8254545 17.3187879,44.1251178 21.0979125,44.1251178 C21.7295623,44.1251178 22.3706397,44.0887542 23.0171044,44.0146801 C32.029899,42.9870707 39.3618855,34.8133333 39.3618855,25.7924579 C39.3618855,21.3210774 37.6110438,17.2954882 34.4312458,14.4577778 C31.2272054,11.5985185 26.9861279,10.306936 22.4824242,10.8187205 C13.4696296,11.84633 6.1362963,20.0200673 6.1362963,29.0409428 C6.1362963,33.5123232 7.88713805,37.5365657 11.066936,40.3756229 L11.066936,40.3756229 Z M89.4952189,77.7062626 L74.9726599,71.6092929 C72.5780471,70.6059259 71.0925253,68.2692256 71.0925253,65.5109764 C71.0925253,62.5776431 72.7208081,59.7008754 75.3416835,58.0039057 L89.4952189,48.8389226 L89.4952189,77.7062626 Z M66.3787205,80.6880808 C66.3787205,82.8739394 64.5255219,84.9318519 62.3315825,85.1810101 L15.7901684,90.483367 C14.8245118,90.5951515 13.9275421,90.3338721 13.2743434,89.7520539 C12.633266,89.1796633 12.2790572,88.3406061 12.2790572,87.3897643 L12.2790572,70.0981818 C12.2790572,60.6719192 19.9531313,52.1278114 29.3874747,51.0544108 L62.8649158,47.2389226 C63.0117172,47.2227609 63.1558249,47.2133333 63.2985859,47.2133333 C64.0985859,47.2133333 64.8272054,47.4759596 65.3834343,47.9715825 C66.0245118,48.5439731 66.3787205,49.3830303 66.3787205,50.3338721 L66.3787205,80.6880808 Z M92.9780471,42.4335354 C92.2171044,42.0200673 91.2958923,42.056431 90.5713131,42.5264646 L72.7800673,54.0470034 C72.1767003,54.4375758 71.6218182,54.883367 71.0925253,55.3534007 L71.0925253,50.3338721 C71.0925253,48.0227609 70.1793939,45.9338721 68.5228283,44.4550842 C66.8527946,42.9655219 64.6575084,42.2907744 62.3315825,42.5547475 L28.8541414,46.3702357 C17.1154209,47.7076094 7.56525253,58.3513805 7.56525253,70.0981818 L7.56525253,87.3897643 C7.56525253,89.7008754 8.47838384,91.7897643 10.1349495,93.2685522 C11.5665993,94.5466667 13.3861279,95.2241077 15.3416835,95.2241077 C15.6662626,95.2241077 15.9948822,95.2052525 16.3248485,95.1675421 L62.8649158,89.8651852 C67.4777104,89.3399327 71.0925253,85.3089562 71.0925253,80.6880808 L71.0925253,74.7917845 C71.7295623,75.2375758 72.402963,75.6443098 73.1477441,75.9567677 L90.9389899,83.4247811 C91.2325926,83.5473401 91.5423569,83.6079461 91.8521212,83.6079461 C92.3100337,83.6079461 92.7652525,83.4746128 93.1571717,83.2133333 C93.8144108,82.7769697 94.2090236,82.0402694 94.2090236,81.2510438 L94.2090236,44.503569 C94.2090236,43.6402694 93.7362963,42.8456566 92.9780471,42.4335354 L92.9780471,42.4335354 Z\" fill=\"currentColor\" fill-rule=\"evenodd\"/>"
}