{
  "width": 15,
  "height": 15,
  "block": "<title>aspect-ratio / fill</title>\n    <g id=\"aspect-ratio-/-fill\" stroke=\"none\" stroke-width=\"1\" fill=\"none\" fill-rule=\"evenodd\">\n        <path d=\"M0,99.9990667 L100,99.9990667 L100,-0.000933333333 L0,-0.000933333333 L0,99.9990667 Z M1.34217378,98.6569109 L98.6578262,98.6569109 L98.6578262,1.34122244 L1.34217378,1.34122244 L1.34217378,98.6569109 Z\" id=\"outilne\" fill=\"#FFFFFF\" opacity=\"0\"></path>\n        <path d=\"M47.5671852,59.7775025 L47.6156933,40.4572385 L43.3793212,45.1350713 C42.9144521,45.6491922 42.2690252,45.9109265 41.6235983,45.9109265 C41.0630605,45.9109265 40.4998278,45.7146258 40.0497807,45.3126767 C39.0796191,44.4513572 39.0001198,42.974428 39.8705703,42.0129551 L48.1964427,32.8228765 C48.5454314,32.4382873 48.9954786,32.2019252 49.4697798,32.1031072 C49.52772,32.0910888 49.5870076,32.0857473 49.6462953,32.0763996 C49.7244472,32.067052 49.8012516,32.0550335 49.8794035,32.0536982 C49.917132,32.0510274 49.9521656,32.0416798 49.9898942,32.0416798 L49.9952839,32.0416798 C50.0747833,32.0416798 50.1502403,32.0577043 50.2297396,32.067052 C50.245909,32.0683873 50.2647733,32.0683873 50.2836375,32.0710581 C50.8711242,32.1458393 51.3885437,32.4289397 51.7590915,32.8495841 L59.8383813,39.9457883 C60.8125852,40.8017663 60.9028641,42.2786955 60.0391508,43.2441746 C59.176785,44.2096536 57.689204,44.3004594 56.7096103,43.443146 L52.3344512,39.5999252 L52.2859431,58.8480787 L56.4872816,54.2116427 C57.3563847,53.2501698 58.848008,53.1713824 59.8168221,54.0327019 C60.7869837,54.8953567 60.866483,56.3736213 59.9960325,57.3324235 L51.67016,66.5225021 C51.205291,67.036623 50.562559,67.2983573 49.9144371,67.2983573 C49.3592891,67.2983573 48.8014463,67.1047274 48.3527465,66.7107905 L40.0268741,59.4009256 C39.0526702,58.5449477 38.9610438,57.0680185 39.8261045,56.1025394 C40.6898178,55.1370604 42.1800937,55.04759 43.1542976,55.9022325 L47.5671852,59.7775025 Z M90.2839369,23.3416853 L90.2839369,67.561427 L9.71606306,76.6580291 L9.71606306,32.4382873 L90.2839369,23.3416853 Z M94.2117437,9.59262262 C93.7118411,9.15061216 93.0502448,8.94095765 92.375174,9.0144035 L7.09123711,18.6451572 C5.90009432,18.7786951 5,19.778894 5,20.9673813 L5,30.3524253 L5,79.2767074 L5,88.6630867 C5,89.3281054 5.28700612,89.9624105 5.78825625,90.4070917 C6.22213406,90.7903455 6.78132439,91 7.35803153,91 C7.44696301,91 7.53589448,90.9946585 7.62482595,90.9853108 L92.9087629,81.3545572 C94.0999057,81.2210192 95,80.2208203 95,79.032333 L95,69.6472891 L95,20.723007 L95,11.3366277 C95,10.6716089 94.7129939,10.0359685 94.2117437,9.59262262 L94.2117437,9.59262262 Z\" id=\"icon\" fill=\"#000000\"></path>\n    </g>"
}