{
  "width": 15,
  "height": 15,
  "block": "<path d=\"M77.3243243,56.6486486 C88.7431847,56.6486486 98,65.905464 98,77.3243243 C98,88.7431847 88.7431847,98 77.3243243,98 C65.905464,98 56.6486486,88.7431847 56.6486486,77.3243243 C56.6486486,65.905464 65.905464,56.6486486 77.3243243,56.6486486 Z M90.2912465,8 L90.2918273,55.3159277 C88.4064611,54.2026585 86.3655909,53.3247484 84.2096423,52.7226231 L84.209,39.574 L64.459,40.562 L64.4589074,55.255967 C60.2343823,57.7241022 56.7823493,61.3705634 54.553567,65.7445917 L39.912,66.476 L39.912,82.605 L52.2091189,81.9908849 C52.5967295,84.090288 53.2410895,86.0996954 54.1084209,87.985329 L8,90.2912465 L8,12.1145623 L39.9125454,10.468739 L39.912,10.519 L90.2912465,8 Z M33.831,66.78 L14.081,67.768 L14.0810811,83.8882432 L33.8312162,82.8702703 L33.831,66.78 Z M87.0284892,74.3990101 C82.3532076,74.9465587 79.871556,75.2293811 77.5238758,75.4931227 L76.9131223,75.5616535 C74.4714304,75.8353376 71.9805996,76.1115039 67.1004705,76.669252 C65.8418185,76.8131029 64.9366603,77.4597584 65.0797411,78.7192185 C65.2128751,79.8906848 66.2060242,80.2649418 67.3575568,80.2649418 L87.548783,77.9793966 C88.8082001,77.8355458 89.7125932,77.1888903 89.5687473,75.9294301 C89.4256665,74.66997 88.2894366,74.2513334 87.0284892,74.3990101 Z M33.831,42.093 L14.081,43.081 L14.081,61.68 L33.831,60.692 L33.831,42.093 Z M58.378,40.866 L39.912,41.789 L39.912,60.388 L58.378,59.465 L58.378,40.866 Z M33.831,16.91 L14.081,17.898 L14.081,36.992 L33.831,36.004 L33.831,16.91 Z M58.378,15.683 L39.912,16.606 L39.912,35.7 L58.378,34.777 L58.378,15.683 Z M84.2093243,14.4021622 L64.4591892,15.4201351 L64.459,34.473 L84.2093243,33.4858108 L84.2093243,14.4021622 Z\" fill=\"#000\" fill-rule=\"evenodd\"/>"
}