{
  "width": 15,
  "height": 15,
  "block": "<path d=\"M71.0668348,57.4600159 L65.7518378,58.1350667 L65.7518378,53.0371782 L71.0668348,52.3621274 L71.0668348,57.4600159 Z M73.0772044,47.4452213 L63.1633226,48.7068133 C62.0149153,48.8521275 61.1529529,49.8349803 61.1529529,51.0001365 L61.1529529,60.7586496 C61.1529529,61.4218111 61.4367698,62.0532676 61.9321354,62.4931735 C62.3539188,62.8670275 62.8952733,63.0704674 63.4523953,63.0704674 C63.5483149,63.0704674 63.6455485,63.0638622 63.7414681,63.0519729 L73.65535,61.7917019 C74.8037572,61.6450666 75.6657197,60.6622138 75.6657197,59.4970576 L75.6657197,49.7398655 C75.6657197,49.0753831 75.3819028,48.4439265 74.8865372,48.0053417 C74.3911716,47.5667568 73.7302461,47.3619958 73.0772044,47.4452213 L73.0772044,47.4452213 Z M50.0078838,60.1390825 L44.6928868,60.8154543 L44.6942008,55.7162448 L50.0078838,55.041194 L50.0078838,60.1390825 Z M52.0182535,50.1242878 L42.1056856,51.3845588 C40.9572783,51.5311941 40.0953159,52.5140469 40.0953159,53.6792031 L40.0940019,63.4377162 C40.0940019,64.1008776 40.3778188,64.7323342 40.8731844,65.170919 C41.2949679,65.546094 41.8363223,65.749534 42.3934444,65.749534 C42.489364,65.749534 42.5852836,65.7442498 42.6812032,65.7310394 L52.5950851,64.4707685 C53.7434923,64.3241332 54.6067687,63.3426014 54.6067687,62.1774452 L54.6067687,52.4189321 C54.6067687,51.7544496 54.3229518,51.1229931 53.8275862,50.6844082 C53.3322206,50.2458234 52.6699812,50.0410624 52.0182535,50.1242878 L52.0182535,50.1242878 Z M71.0668348,38.2719283 L65.7518378,38.9469791 L65.7518378,33.8490906 L71.0668348,33.1727188 L71.0668348,38.2719283 Z M73.0772044,28.2571336 L63.1633226,29.5174046 C62.0136013,29.6640399 61.1529529,30.6468927 61.1529529,31.8107278 L61.1529529,41.569241 C61.1529529,42.2337234 61.4367698,42.86518 61.9321354,43.3037648 C62.3539188,43.6776188 62.8952733,43.8810587 63.4523953,43.8810587 C63.5483149,43.8810587 63.6455485,43.8757746 63.7414681,43.8638852 L73.65535,42.6022933 C74.8037572,42.456979 75.6657197,41.4741262 75.6657197,40.30897 L75.6657197,30.5504569 C75.6657197,29.8859744 75.3819028,29.2545179 74.8865372,28.815933 C74.3911716,28.3760271 73.7302461,28.1752292 73.0772044,28.2571336 L73.0772044,28.2571336 Z M50.0078838,40.9509948 L44.6928868,41.6260456 L44.6942008,36.5281571 L50.0078838,35.8531063 L50.0078838,40.9509948 Z M52.0182535,30.9362002 L42.1056856,32.1964711 C40.9572783,32.3431064 40.0953159,33.3246382 40.0953159,34.4897944 L40.0940019,44.2496286 C40.0940019,44.91279 40.3778188,45.5442465 40.8731844,45.9828314 C41.2949679,46.3580064 41.8363223,46.5614463 42.3934444,46.5614463 C42.489364,46.5614463 42.5852836,46.5548412 42.6812032,46.5429518 L52.5950851,45.2826808 C53.7434923,45.1360455 54.6067687,44.1531927 54.6067687,42.9880366 L54.6067687,33.2295234 C54.6067687,32.566362 54.3229518,31.9349055 53.8275862,31.4949996 C53.3322206,31.0564147 52.6699812,30.8529747 52.0182535,30.9362002 L52.0182535,30.9362002 Z M66.6597891,86.7619761 L66.6597891,73.1196091 C66.6597891,72.4564476 66.3786001,71.8263122 65.8845485,71.3877273 C65.3918108,70.9478214 64.7321993,70.7457025 64.0817856,70.8249648 L51.0012429,72.4392741 C49.8475798,72.5806253 48.9803615,73.5647991 48.9803615,74.7339184 L48.9803615,89.009063 L32.8093682,91.0645993 L32.8093682,26.0021205 L82.4011151,19.6968026 L82.4011151,84.7606024 L66.6597891,86.7619761 Z M78.5222842,15.5289254 L31.1051529,21.5581462 L22.990092,15.8169118 L21.4777158,14.7468705 L68.8935332,8.71764967 L78.5222842,15.5289254 Z M86.9908022,16.9899942 C86.9881743,16.9358317 86.9789765,16.8843111 86.9737207,16.8314696 C86.9579531,16.6716239 86.9237899,16.5157413 86.8751731,16.3638219 C86.8594055,16.3136224 86.8462658,16.2634229 86.8265563,16.2145445 C86.7516602,16.025636 86.6557406,15.8459747 86.5335417,15.6821659 C86.5177741,15.6610293 86.4967506,15.6451768 86.480983,15.6240402 C86.400831,15.5236412 86.3180511,15.4258844 86.2208175,15.3386958 C86.1787706,15.3017067 86.1288398,15.275286 86.0854789,15.24226 C86.0618275,15.2250865 86.0460599,15.1999868 86.0237224,15.1828132 L70.8119251,4.4216317 C70.3428389,4.09005098 69.7673213,3.9473788 69.1996875,4.01739385 L15.0103697,10.9079319 C14.9814624,10.911895 14.959125,10.9264264 14.9302177,10.9303896 C14.796193,10.9528472 14.6661103,10.9977625 14.5360276,11.0439989 C14.4545616,11.0730617 14.3730956,11.0915563 14.2955716,11.1298664 C14.277176,11.1391137 14.2574665,11.1404347 14.239071,11.149682 C14.1273838,11.2078077 14.0367201,11.2910331 13.9368586,11.3650113 C13.87773,11.4112477 13.8094037,11.4442736 13.7529032,11.4971152 C13.5965411,11.6397874 13.4598885,11.8022751 13.3495153,11.9819364 C13.3442594,11.9885416 13.3390035,11.9938257 13.3337476,11.9991099 C13.2207465,12.1893395 13.1379665,12.3954215 13.080152,12.6120719 C13.0775241,12.6239612 13.0696403,12.6318874 13.0670123,12.6437768 C13.0525587,12.7085077 13.0604425,12.7732386 13.0499308,12.8392905 C13.0302212,12.9595051 13,13.0770775 13,13.2025762 L13,82.8239596 C13,83.5729886 13.360027,84.2757812 13.9670798,84.7090819 L29.1775631,95.5733045 C29.1933307,95.5838728 29.2117263,95.5865149 29.2274939,95.5970832 C29.3996236,95.7146556 29.5848929,95.8084494 29.7793601,95.8745013 C29.8135232,95.8850696 29.8490003,95.8929959 29.8831635,95.9022431 C30.0868284,95.9603688 30.2957491,96 30.5099258,96 C30.6058454,96 30.701765,95.9933948 30.7989985,95.9815055 L84.9896303,89.0922884 C86.1380376,88.9456531 87,87.9628003 87,86.7976442 L87,17.0732197 C87,17.0454779 86.9921162,17.0177361 86.9908022,16.9899942 L86.9908022,16.9899942 Z\" fill=\"currentColor\" fill-rule=\"evenodd\"/>"
}