{
  "width": 15,
  "height": 15,
  "block": "<title>mention</title>\n    <g id=\"mention\" stroke=\"none\" stroke-width=\"1\" fill=\"none\" fill-rule=\"evenodd\">\n        <path d=\"M0,100 L100,100 L100,0 L0,0 L0,100 Z M1.34215577,98.6578442 L98.6578442,98.6578442 L98.6578442,1.34215577 L1.34215577,1.34215577 L1.34215577,98.6578442 Z\" id=\"outline\" fill=\"#EEEEEE\" opacity=\"0\"></path>\n        <path d=\"M90.3752805,30.1024015 C87.9054411,24.1166181 83.8362286,18.7654483 78.6767601,14.8003434 C73.5446102,10.763906 67.3222043,8.1897855 60.888701,7.16284301 C57.6663615,6.66474515 54.3782093,6.5257697 51.1248261,6.81847906 C47.9211128,7.11487803 44.6875976,7.65479151 41.5732902,8.59318327 C29.1322037,12.4119335 18.4742693,21.2460987 12.3685878,32.60027 C10.8313022,35.4289739 9.57713533,38.4089519 8.63961459,41.4873196 C8.14912361,43.0197392 7.78156581,44.5890549 7.45001874,46.16452 C7.29976707,46.9577869 7.1495154,47.78795 7.04024146,48.5849066 L6.83286932,50.9437996 L6.72980413,52.124476 C6.6913099,52.5315634 6.66895841,52.9952249 6.66714307,53.4060019 C6.66150791,54.2484637 6.70745264,55.0405008 6.72111188,55.7845729 L6.73477112,56.9800077 C6.74967212,57.4153821 6.7869246,57.8347682 6.82914407,58.2443154 L7.10853767,60.5810707 C7.21036112,61.4653481 7.40159051,62.2795229 7.57667717,63.0408132 L7.82626878,64.169835 L8.14043136,65.3763387 C8.57504363,66.9395051 9.10527059,68.478074 9.73359575,69.9760572 C12.2406876,75.9864379 16.4042731,81.2847233 21.5848513,85.2498282 C26.7617043,89.2149331 32.9505829,91.8911329 39.4374814,92.8602714 C45.8908527,93.8232606 52.5429038,93.2981056 58.7677932,91.4483793 C61.8771335,90.514907 64.8883756,89.272737 67.7493661,87.753846 C69.1699273,86.9827168 70.5755875,86.1562433 71.9017758,85.2547477 C72.5661117,84.8095343 73.2242388,84.3544819 73.8699485,83.8649932 L74.8546557,83.1344496 C75.0061491,83.0348301 75.2358727,82.8023844 75.4295856,82.6080647 C75.630749,82.4039061 75.8269454,82.2095865 75.9759553,81.974681 C76.6042805,81.0658062 76.9085091,79.9343246 76.8029604,78.8262107 C76.7098292,77.734085 76.210646,76.6653269 75.4345526,75.8794392 C73.8736737,74.2547792 71.1753524,73.9411621 69.2965857,75.1993204 L67.3594568,76.6124424 L65.4397123,77.8509228 C64.1756115,78.708143 62.8320387,79.4288476 61.4710815,80.0794495 C56.0036592,82.6830869 49.881835,83.9732218 43.8444498,83.6128695 C40.8232736,83.4456071 37.8927452,82.8097636 35.0565898,81.7385458 C32.2353353,80.6833162 29.5730247,79.2246889 27.238536,77.3749626 C24.9313658,75.5055583 22.8340511,73.2684225 21.1874915,70.7926917 C20.3517942,69.5566711 19.6266126,68.2493179 19.0069797,66.8976894 C18.3848633,65.5694285 17.9477675,64.189513 17.4535513,62.7025986 C15.4754446,55.4684959 16.2403622,47.6957097 19.025606,40.7592358 C21.8220254,33.7809464 26.6772653,27.63282 32.771771,23.1474796 C35.8227491,20.9152633 39.1940985,19.083985 42.7529521,17.8209072 C46.3167727,16.5627489 50.0916906,15.8703314 53.8864766,15.7276664 C61.418928,15.4534051 69.0544446,18.0275256 74.719305,23.0023548 C77.5554605,25.4596375 79.896158,28.4838909 81.5750031,31.8328303 C83.2550899,35.1854594 84.2683574,38.8676939 84.6247394,42.6052726 C84.7985843,44.4759067 84.8097601,46.3699085 84.6793764,48.2491517 C84.6123219,49.1863136 84.4968392,50.0828898 84.2832583,50.9647074 C84.0796115,51.8157783 83.7406139,52.6557804 83.3308366,53.4761045 C81.714079,56.6934477 78.6606174,59.2466604 75.1390163,60.1764431 C74.2747588,60.4113485 73.3297875,60.5724616 72.5387932,60.5454045 C71.7453154,60.5109681 70.9580463,60.2219483 70.3235124,59.747218 C69.6840115,59.2687981 69.210905,58.6169663 68.9811814,57.8519864 C68.854523,57.454738 68.7887102,57.0574896 68.7688423,56.6356438 L68.7440073,55.2089931 L68.5651954,43.5867098 L68.3652737,31.8992434 C68.2373735,30.6976592 67.4364452,29.5920049 66.3350136,29.0963668 C65.2459994,28.5761313 63.8775917,28.6732911 62.8817087,29.3509502 C61.869683,29.983104 61.2537753,31.2449519 61.3257968,32.3604451 L61.3469065,33.8264516 C58.6461017,31.492156 55.2076979,30.0040118 51.640152,29.6657972 C47.6019832,29.2734683 43.4657162,30.2253886 40.0062026,32.2817333 C33.0213626,36.2935733 28.5138126,44.1536805 28.7075255,52.1675215 C28.7919644,56.155994 30.0597905,60.148156 32.4687842,63.3839473 C34.8628769,66.6258879 38.409313,69.0265966 42.3618011,69.9858961 C46.3080804,70.961184 50.5412039,70.5233499 54.2478256,68.936816 C57.6464935,67.4954069 60.5795054,65.1180657 62.8419727,62.2573852 C64.3693244,65.2066165 67.2712926,67.4511315 70.6488507,68.1558477 C74.382791,68.7732431 78.1018302,67.9590683 81.3788067,66.3590058 C84.6731676,64.7847706 87.4906969,62.259845 89.560693,59.270028 C90.6050042,57.7658954 91.428284,56.136316 92.0603344,54.4034274 C92.676242,52.6508609 92.9966134,50.8503294 93.1642495,49.068246 C93.736696,42.6753752 92.8674714,36.0881849 90.3752805,30.1024015 M47.1462612,61.7937238 C44.4864342,62.0925825 41.9718918,61.3288324 40.0595978,59.6389893 C37.898954,57.7289993 36.7093581,54.8904565 36.7093581,51.6460561 C36.7093581,44.9371085 41.7694866,38.9082796 47.989409,38.2060231 C48.3669008,38.1642075 48.7419091,38.1432997 49.1131922,38.1432997 C51.3508244,38.1432997 53.4344798,38.9119692 55.0748307,40.3607576 C57.2354745,42.2707476 58.4250704,45.1105203 58.4250704,48.3549207 C58.4250704,55.0626384 53.3649419,61.0914673 47.1462612,61.7937238\" id=\"icon\" fill=\"#000000\"></path>\n    </g>"
}