{
  "width": 15,
  "height": 15,
  "block": "<path d=\"M45.7165127,96 C37.4627978,96 29.3631841,93.730627 22.3861181,88.971192 C13.4841153,82.8982593 7.53793337,73.5083461 5.64222257,62.5310683 C3.47683462,49.9903559 6.84447785,36.4764854 14.8789971,25.4526768 C24.1848514,12.6872872 38.6836515,4.66803811 53.6606968,4.00464201 C54.7433907,3.93551055 55.6932388,4.64543744 55.994799,5.67310315 C56.2963592,6.70076886 55.8579677,7.80155438 54.9320319,8.33998208 C50.4351986,10.9576713 46.580011,14.4448216 43.4740742,18.7043829 C37.8400801,26.4351412 35.471438,35.8702557 36.9765819,44.5901255 C38.2678439,52.0696175 42.3037019,58.4549712 48.3388905,62.5736107 C61.1744601,71.3293757 79.4819518,67.9578877 90.9173257,54.7271903 C91.6227373,53.9122367 92.7957665,53.6888889 93.7522569,54.1874331 C94.7074188,54.6873067 95.1936348,55.7787861 94.927943,56.8237347 C93.3178509,63.1466041 90.4975327,69.1012157 86.5440391,74.5240467 C76.437124,88.3888924 60.8250754,95.9986705 45.7165127,96\" fill=\"currentColor\" fill-rule=\"evenodd\"/>"
}