{
  "width": 15,
  "height": 15,
  "block": "<path d=\"M12.381349,90 C11.1863567,90 10.1563633,89.1109345 10.0163642,87.9029975 C9.86336523,86.6026771 10.8003592,85.4275213 12.1093508,85.2755358 L37.7031861,82.3162888 L55.8650692,80.2153128 L87.3398666,76.5756078 C88.6528582,76.4325626 89.8318506,77.3554027 89.9838496,78.6567164 C90.1358486,79.9570368 89.1978547,81.1341794 87.8908631,81.2841781 L12.6593472,89.9831127 C12.5653478,89.9950332 12.4723484,90 12.381349,90 M24.1312734,52.8589167 L24.1312734,15.89962 L36.8151918,14.4542678 L36.8151918,49.9860928 C36.8151918,57.7184792 43.5961481,63.7263764 51.3300984,62.8452579 C58.0840549,62.0753967 63.1830221,56.3953113 63.1830221,49.6423871 L63.1830221,11.4463456 L75.8679404,10 L75.8679404,48.5765019 C75.8679404,61.7247374 65.9410043,72.782924 52.791089,74.2819182 L48.8231145,74.7339012 C35.6671992,76.2348822 24.1312734,66.0141058 24.1312734,52.8589167\" fill=\"currentColor\" fill-rule=\"evenodd\"/>"
}