{
  "width": 15,
  "height": 15,
  "block": "<path fill=\"currentColor\" d=\"M71.0721212,6.01300489 C71.2688932,5.99004956 71.4616219,5.99988987 71.6489596,6.0238074 C71.6880444,6.02920865 71.723086,6.03866084 71.7608231,6.04541241 C71.9400743,6.07781993 72.1112389,6.12913183 72.2743171,6.20069844 C72.3026199,6.21285125 72.3282272,6.22095313 72.35653,6.23310595 C72.54252,6.32357694 72.7150324,6.43700326 72.8727195,6.57203459 L72.8727195,6.57203459 L72.9023701,6.59228928 L90.2048256,21.9507525 C90.2183031,21.9629053 90.2250419,21.9777587 90.2371717,21.9899116 C90.3854245,22.1262932 90.5148088,22.2788786 90.6239769,22.4490181 C90.6441932,22.4814256 90.6590184,22.5138331 90.677887,22.5462406 C90.7600999,22.6920745 90.8274876,22.8460102 90.8787022,23.0093981 C90.8948753,23.0553087 90.9097005,23.0998691 90.9204826,23.1457797 C90.9676539,23.3307726 91,23.5211668 91,23.7196629 L91,23.7196629 L91,83.8153551 C91,85.0157836 90.0997009,86.0271683 88.908287,86.1635499 L88.908287,86.1635499 L11.6254232,94.9851466 C11.5364715,94.9945987 11.4461721,95 11.3585681,95 C10.7817297,95 10.2224121,94.7880008 9.78843562,94.4004609 C9.28707143,93.9521569 9,93.3094078 9,92.6369518 L9,92.6369518 L9,15.2086383 C9,14.0068595 9.90029914,12.9954748 11.091713,12.8604435 L11.091713,12.8604435 Z M68.9804083,11.0078137 L13.7171362,17.3178276 L13.7171362,89.9889874 L86.2828638,81.7061658 L86.2828638,26.3676272 L71.6058315,28.043366 C71.5168798,28.0528182 71.4265803,28.0582194 71.3389764,28.0582194 C70.762138,28.0582194 70.2028204,27.8462202 69.7688439,27.4586803 C69.2674797,27.0103763 68.9804083,26.3689775 68.9804083,25.6951712 L68.9804083,25.6951712 L68.9804083,11.0078137 Z M43.5840373,55.0709664 C43.5840373,59.2407338 40.7564511,62.4922882 37.4517603,62.8690256 C35.4754853,63.0950563 34.1108304,62.4636865 33.3849239,61.3920678 L33.2898984,61.2432484 L33.2898984,69.8069352 L29,70.2970989 L29,49.9870369 L33.2898984,49.4968732 L33.1942079,51.6087632 C34.0203807,50.0505017 35.4503468,48.9634995 37.5474508,48.724494 C40.8197955,48.3504572 43.5840373,50.8998487 43.5840373,55.0709664 Z M59.5840373,53.3827127 C59.5840373,57.55248 56.7564511,60.8040344 53.4517603,61.1807718 C51.4754853,61.4068025 50.1108304,60.7754328 49.3849239,59.7038141 L49.2898984,59.5549946 L49.2898984,68.1186814 L45,68.6088451 L45,48.2987832 L49.2898984,47.8086195 L49.1942079,49.9205094 C50.0203807,48.3622479 51.4503468,47.2752457 53.5474508,47.0362403 C56.8197955,46.6622035 59.5840373,49.211595 59.5840373,53.3827127 Z M66.0968497,39 L66.0968497,46.0661894 L69.5592845,45.6705476 L69.5592845,49.2367249 L66.0968497,49.6323667 L66.0968497,54.6609334 C66.0968497,56.030151 66.5416155,56.2664558 67.2087643,56.189488 C67.8383102,56.1177864 68.312835,55.7540525 68.6097404,55.5196003 L68.7020994,55.4468157 L70.3234732,58.2527667 C69.6549766,58.8712101 68.5107153,59.7016528 66.5416155,59.9271551 C63.8703847,60.2321459 61.9271788,59.1441841 61.8421333,55.2873868 L61.8392274,55.0201167 L61.8392274,50.1171292 L59.8364332,50.3466824 L59.8364332,46.7805051 L61.8392274,46.5523021 L61.8392274,39.4847625 L66.0968497,39 Z M36.2118274,52.6647082 C34.3694487,52.875357 33.1618619,54.2540269 33.1618619,56.2605924 C33.1618619,58.3927371 34.3694487,59.4648858 36.2118274,59.2542369 C38.0245554,59.047639 39.1674501,57.7067779 39.1674501,55.5746333 C39.1674501,53.569418 38.0245554,52.4581102 36.2118274,52.6647082 Z M52.2118274,50.9764544 C50.3694487,51.1871033 49.1618619,52.5657731 49.1618619,54.5723387 C49.1618619,56.7044833 50.3694487,57.7766321 52.2118274,57.5659832 C54.0245554,57.3593853 55.1674501,56.0185242 55.1674501,53.8863795 C55.1674501,51.8811643 54.0245554,50.7698565 52.2118274,50.9764544 Z M73.6975445,13.6112177 L73.6975445,23.0472068 L83.1156438,21.9723575 L73.6975445,13.6112177 Z\" fill-rule=\"evenodd\"/>"
}