{
  "width": 15,
  "height": 15,
  "block": "<title>subtitle</title>\n    <g id=\"subtitle\" stroke=\"none\" stroke-width=\"1\" fill=\"none\" fill-rule=\"evenodd\">\n        <path d=\"M0,100 L100,100 L100,0 L0,0 L0,100 Z M1.34266667,98.6586667 L98.6573333,98.6586667 L98.6573333,1.34266667 L1.34266667,1.34266667 L1.34266667,98.6586667 Z\" id=\"outline\" fill=\"#EEEEEE\" opacity=\"0\"></path>\n        <path d=\"M92.3924028,7.01444343 C93.0599264,6.94074765 93.7194717,7.15111561 94.2181198,7.59864998 C94.7154381,8.04618436 95,8.68666768 95,9.35930917 L95,9.35930917 L95,70.7988112 C95,71.9980425 94.1064226,73.0083447 92.9229644,73.143677 L92.9229644,73.143677 L62.5559594,76.6301573 L51.9207925,91.9910378 C51.5032578,92.5940032 50.8277559,92.9678418 50.097735,92.9986601 C50.0644918,93 50.0325783,93 50.0006649,93 C49.305217,93 48.6430123,92.6891378 48.1975533,92.1464689 L48.1975533,92.1464689 L37.7671646,79.4761544 L7.60759718,82.9385161 C6.94273303,83.0122119 6.28052835,82.8031839 5.78188024,82.3543096 C5.28456185,81.9067752 5,81.2662919 5,80.5936504 L5,80.5936504 L5,19.1554883 C5,17.954917 5.89357741,16.9446148 7.07703559,16.8092826 L7.07703559,16.8092826 Z M90.3153672,12.0043177 L9.68463277,21.2618476 L9.68463277,77.9486418 L38.4958557,74.6403713 C38.5849475,74.6309918 38.6740393,74.6256321 38.7604716,74.6256321 C39.4532601,74.6256321 40.1167945,74.9351544 40.5635832,75.4791632 L40.5635832,75.4791632 L49.8397677,86.7465781 L59.3194007,73.0539021 C59.7036922,72.4991739 60.3073889,72.1360546 60.9749125,72.059679 L60.9749125,72.059679 L90.3153672,68.6911119 L90.3153672,12.0043177 Z M26.8578077,59.8971954 C29.0478702,59.6439499 31.0517708,61.2371187 31.3017597,63.4587115 C31.554408,65.6789644 29.9707017,67.6848295 27.7673419,67.9367351 L27.7673419,67.9367351 L18.9778379,68.9470372 C18.8235894,68.9644562 18.6693409,68.9738357 18.5177519,68.9738357 C16.5032135,68.9738357 14.7665884,67.4503429 14.5325562,65.3855212 C14.2812375,63.1639284 15.8649439,61.1594032 18.0683037,60.9061577 L18.0683037,60.9061577 Z M80.1559771,53.7772299 C82.3580072,53.5333638 84.3499402,55.1184931 84.5999291,57.3400858 C84.8525775,59.5603387 83.2688711,61.5648639 81.0655113,61.8181094 L81.0655113,61.8181094 L41.1523869,66.400647 C40.9981384,66.419406 40.8452196,66.4274455 40.6936306,66.4274455 C38.6790922,66.4274455 36.9411374,64.9039527 36.7084349,62.839131 C36.4571163,60.6175382 38.0408227,58.613013 40.2428527,58.3597675 L40.2428527,58.3597675 Z M43.0432605,42.719781 C45.2466203,42.4678754 47.2372235,44.0610442 47.4885422,46.282637 C47.7398608,48.5028899 46.1561544,50.5074151 43.9527946,50.7606606 L43.9527946,50.7606606 L18.9778379,53.6280964 C18.8222597,53.6455154 18.6693409,53.6548949 18.5177519,53.6548949 C16.5032135,53.6548949 14.7665884,52.1314021 14.5325562,50.0665803 C14.2812375,47.8463274 15.8649439,45.8404623 18.0683037,45.5872168 L18.0683037,45.5872168 Z M57.7771819,41.0287978 C59.9712335,40.7782322 61.9711449,42.370061 62.2224635,44.5903139 C62.4737822,46.8105668 60.8914055,48.8164319 58.6880457,49.0696774 L58.6880457,49.0696774 L57.1575285,49.2452073 C57.00328,49.2626264 56.8503612,49.2720058 56.6974425,49.2720058 C54.6842339,49.2720058 52.946279,47.748513 52.7135765,45.6836913 C52.4609282,43.4634384 54.0433048,41.4575733 56.2479943,41.2043278 L56.2479943,41.2043278 Z M80.1571739,38.4592269 C82.3498958,38.214021 84.3498072,39.8004901 84.6011258,42.0220829 C84.8524445,44.2423358 83.2687381,46.246861 81.0653783,46.5001065 L81.0653783,46.5001065 L71.146935,47.6390413 C70.9913568,47.6564603 70.838438,47.6658398 70.686849,47.6658398 C68.6723106,47.6658398 66.9356855,46.1410071 66.7016533,44.0761853 C66.4503346,41.8559325 68.034041,39.8514072 70.2374008,39.5981617 L70.2374008,39.5981617 Z\" id=\"icon\" fill=\"#000000\"></path>\n    </g>"
}